timestamp,open,high,low,close,volume
2025-01-10,1.4100,1.8000,1.3700,1.7900,749208
2025-01-08,1.6400,1.6400,1.2400,1.3300,459888
2025-01-07,1.7800,1.9800,1.7400,1.8100,410071
2025-01-06,1.3500,1.9700,1.3500,1.7800,1591960
2025-01-03,1.1700,1.3300,1.1600,1.2800,391086
2025-01-02,1.0100,1.2000,1.0100,1.1400,293398
2024-12-31,0.9400,1.0000,0.9397,0.9764,98869
2024-12-30,0.9900,1.0000,0.9443,0.9604,134963
2024-12-27,1.0500,1.0800,0.9954,0.9990,131611
2024-12-26,1.0000,1.0500,0.9700,1.0350,104331
2024-12-24,0.9935,1.0000,0.9800,1.0000,34496
2024-12-23,0.9598,1.0250,0.9598,0.9997,121247
2024-12-20,0.9505,0.9950,0.9468,0.9598,121018
2024-12-19,1.0300,1.0300,0.9500,0.9699,123842
2024-12-18,1.0300,1.0300,1.0000,1.0000,137420
2024-12-17,1.0500,1.0594,1.0200,1.0200,125113
2024-12-16,1.1100,1.1200,1.0700,1.0800,122598
2024-12-13,1.1100,1.1400,1.1100,1.1200,67816
2024-12-12,1.1600,1.1800,1.1000,1.1100,86321
2024-12-11,1.1500,1.1800,1.1100,1.1400,94317
2024-12-10,1.1800,1.1900,1.1501,1.1700,48534
2024-12-09,1.2100,1.2100,1.1700,1.2000,79546
2024-12-06,1.1900,1.2200,1.1500,1.1900,89898
2024-12-05,1.1100,1.2300,1.1000,1.1900,109484
2024-12-04,1.1900,1.1900,1.1000,1.1200,133562
2024-12-03,1.2200,1.2300,1.1100,1.1300,173287
2024-12-02,1.2300,1.2500,1.2100,1.2300,99726
2024-11-29,1.2200,1.2500,1.2100,1.2400,49724
2024-11-27,1.2500,1.2500,1.1900,1.2100,30597
2024-11-26,1.1900,1.2200,1.1700,1.2100,65647
2024-11-25,1.1700,1.2000,1.1600,1.1900,51231
2024-11-22,1.1700,1.1800,1.1300,1.1400,56995
2024-11-21,1.1500,1.1700,1.1400,1.1600,51730
2024-11-20,1.1700,1.1900,1.1400,1.1700,53339
2024-11-19,1.1900,1.1900,1.1500,1.1600,60643
2024-11-18,1.2300,1.2400,1.1500,1.1900,58862
2024-11-15,1.2500,1.2898,1.1900,1.2100,48922
2024-11-14,1.3500,1.3500,1.2500,1.2600,63935
2024-11-13,1.3300,1.3500,1.3000,1.3100,65625
2024-11-12,1.2400,1.3700,1.1905,1.3200,109489
2024-11-11,1.2000,1.2500,1.1703,1.2500,159019
2024-11-08,1.1800,1.2000,1.1490,1.1700,72023
2024-11-07,1.1600,1.2000,1.1400,1.1800,124361
2024-11-06,1.2400,1.2400,1.1050,1.1500,169692
2024-11-05,1.1500,1.2500,1.1200,1.2100,113151
2024-11-04,1.3300,1.3400,1.2400,1.2600,133131
2024-11-01,1.3700,1.3773,1.3000,1.3100,64252
2024-10-31,1.3800,1.4000,1.3200,1.3600,26701
2024-10-30,1.4000,1.4000,1.3800,1.3800,24002
2024-10-29,1.4000,1.4000,1.3600,1.4000,33390
2024-10-28,1.3500,1.4000,1.3400,1.4000,31376
2024-10-25,1.3300,1.3600,1.3300,1.3400,40610
2024-10-24,1.4000,1.4000,1.3100,1.3200,69909
2024-10-23,1.3900,1.3900,1.3400,1.3700,56726
2024-10-22,1.4000,1.4000,1.3800,1.4000,11791
2024-10-21,1.4000,1.4000,1.3800,1.4000,19028
2024-10-18,1.3700,1.4000,1.3700,1.4000,27193
2024-10-17,1.4100,1.4100,1.3500,1.3800,84716
2024-10-16,1.4000,1.4400,1.4000,1.4200,66668
2024-10-15,1.4700,1.4787,1.3900,1.4000,102443
2024-10-14,1.5100,1.5100,1.4600,1.4600,49021
2024-10-11,1.4700,1.5300,1.4400,1.5000,78696
2024-10-10,1.4800,1.4800,1.4501,1.4600,12472
2024-10-09,1.4900,1.5299,1.4500,1.4800,25543
2024-10-08,1.4800,1.5400,1.4800,1.4900,29553
2024-10-07,1.4600,1.5000,1.4514,1.4900,32597
2024-10-04,1.4300,1.4698,1.4200,1.4600,41612
2024-10-03,1.4300,1.4600,1.4300,1.4400,11206
2024-10-02,1.4400,1.4700,1.4285,1.4300,14047
2024-10-01,1.4600,1.4700,1.4400,1.4400,11567
2024-09-30,1.4600,1.4700,1.4200,1.4700,43865
2024-09-27,1.4700,1.4800,1.4446,1.4500,15399
2024-09-26,1.4500,1.4500,1.4300,1.4400,22954
2024-09-25,1.4400,1.4500,1.4245,1.4300,16266
2024-09-24,1.4300,1.4700,1.4200,1.4400,26432
2024-09-23,1.4600,1.4600,1.4100,1.4400,27385
2024-09-20,1.4400,1.4599,1.4100,1.4500,61917
2024-09-19,1.4500,1.4800,1.4300,1.4400,20833
2024-09-18,1.4400,1.4500,1.4200,1.4200,28254
2024-09-17,1.4100,1.4400,1.4000,1.4200,25879
2024-09-16,1.4500,1.4600,1.4000,1.4100,23744
2024-09-13,1.4100,1.4800,1.3900,1.4400,46696
2024-09-12,1.4100,1.4400,1.4000,1.4000,33649
2024-09-11,1.3900,1.4169,1.3900,1.4000,27477
2024-09-10,1.4600,1.4600,1.3900,1.4100,23678
2024-09-09,1.4200,1.4620,1.3950,1.4400,63654
2024-09-06,1.5300,1.5300,1.4400,1.4500,37366
2024-09-05,1.5300,1.6000,1.5100,1.5200,27950
2024-09-04,1.5600,1.6400,1.5000,1.5400,45715
2024-09-03,1.6300,1.6400,1.5500,1.5500,26093
2024-08-30,1.6700,1.6800,1.6200,1.6300,29403
2024-08-29,1.6600,1.6700,1.6400,1.6600,67257
2024-08-28,1.6800,1.6900,1.6600,1.6700,32089
2024-08-27,1.7100,1.7200,1.6700,1.6700,64973
2024-08-26,1.5800,1.7400,1.5700,1.7200,121077
2024-08-23,1.5500,1.5800,1.5300,1.5700,46231
2024-08-22,1.5700,1.5700,1.5300,1.5300,65574
2024-08-21,1.5000,1.5400,1.4800,1.5300,51861
2024-08-20,1.4800,1.5300,1.4700,1.5100,28682
2024-08-19,1.4200,1.4800,1.3900,1.4800,133573
2024-08-16,1.4100,1.4264,1.3900,1.4200,47966
2024-08-15,1.4500,1.4600,1.4100,1.4100,29581
2024-08-14,1.4600,1.4700,1.4450,1.4500,47762
2024-08-13,1.4600,1.4950,1.4500,1.4700,11457
2024-08-12,1.4700,1.5300,1.4400,1.4700,29331
2024-08-09,1.4600,1.4600,1.4395,1.4400,19457
2024-08-08,1.4000,1.4800,1.3700,1.4800,51221
2024-08-07,1.3900,1.4380,1.3900,1.4100,21729
2024-08-06,1.3600,1.4089,1.3600,1.3900,20414
2024-08-05,1.4000,1.4171,1.3500,1.3500,64307
2024-08-02,1.5300,1.5500,1.4500,1.4600,59463
2024-08-01,1.5100,1.5500,1.5000,1.5400,47105
2024-07-31,1.4800,1.5300,1.4504,1.5300,45812
2024-07-30,1.4500,1.4900,1.4100,1.4900,27599
2024-07-29,1.4800,1.4900,1.4145,1.4500,33040
2024-07-26,1.4800,1.5100,1.4500,1.4700,31220
2024-07-25,1.4300,1.4800,1.4300,1.4400,22082
2024-07-24,1.4500,1.4674,1.4300,1.4500,20128
2024-07-23,1.5100,1.5100,1.4200,1.4600,35835
2024-07-22,1.4500,1.5100,1.4400,1.4700,24079
2024-07-19,1.4800,1.4996,1.4400,1.4500,14182
2024-07-18,1.5200,1.5200,1.4600,1.4700,40070
2024-07-17,1.5700,1.5700,1.4900,1.5100,66422
2024-07-16,1.5800,1.5800,1.5100,1.5400,39187
2024-07-15,1.5500,1.5699,1.5340,1.5600,46041
2024-07-12,1.4900,1.5800,1.4900,1.5500,73274
2024-07-11,1.5000,1.5000,1.4301,1.4700,55154
2024-07-10,1.4300,1.4700,1.4000,1.4500,60915
2024-07-09,1.3400,1.4300,1.3300,1.4300,68974
2024-07-08,1.3300,1.3300,1.2800,1.3300,40504
2024-07-05,1.2900,1.3100,1.2800,1.3100,20326
2024-07-03,1.3100,1.3100,1.2900,1.2900,19419
2024-07-02,1.3300,1.3474,1.3000,1.3100,29794
2024-07-01,1.3900,1.4000,1.3000,1.3300,31025
2024-06-28,1.3700,1.4100,1.3300,1.3500,65043
2024-06-27,1.3700,1.4300,1.3600,1.3800,19901
2024-06-26,1.4000,1.4150,1.3600,1.3800,34239
2024-06-25,1.4000,1.4200,1.3741,1.4100,21800
2024-06-24,1.4300,1.4490,1.3700,1.4050,28959
2024-06-21,1.2700,1.4500,1.2500,1.4000,169375
2024-06-20,1.3000,1.3200,1.2200,1.2550,137737
2024-06-18,1.3900,1.3900,1.2500,1.3000,96736
2024-06-17,1.4400,1.4938,1.3800,1.3800,83058
2024-06-14,1.5000,1.5200,1.4200,1.4300,179324
2024-06-13,1.5700,1.6000,1.4900,1.5100,121361
2024-06-12,1.6300,1.6300,1.5600,1.5700,56755
2024-06-11,1.6200,1.6300,1.6000,1.6300,32961
2024-06-10,1.6000,1.6300,1.5813,1.6250,69962
2024-06-07,1.6000,1.6250,1.5700,1.6000,15870
2024-06-06,1.5800,1.6300,1.5800,1.6250,91618
2024-06-05,1.5900,1.6000,1.5700,1.6000,50515
2024-06-04,1.5900,1.5900,1.5047,1.5900,68878
2024-06-03,1.6100,1.6100,1.5800,1.5900,56612
2024-05-31,1.5900,1.5900,1.5000,1.5500,42784
2024-05-30,1.6000,1.6100,1.5200,1.5600,66411
2024-05-29,1.6200,1.6300,1.5400,1.5700,48590
2024-05-28,1.5100,1.6300,1.4800,1.6300,240100
2024-05-24,1.4600,1.5100,1.4500,1.4800,53589
2024-05-23,1.4700,1.4900,1.4600,1.4600,23535
2024-05-22,1.4700,1.5000,1.4700,1.4900,32125
2024-05-21,1.4200,1.5000,1.4200,1.4600,46526
2024-05-20,1.5200,1.5200,1.4200,1.4200,112614
2024-05-17,1.4800,1.5200,1.4800,1.4800,53840
2024-05-16,1.5300,1.5400,1.4650,1.4700,135217
2024-05-15,1.5200,1.5982,1.5200,1.5300,51046
2024-05-14,1.5600,1.6000,1.5000,1.5300,117135
2024-05-13,1.5700,1.5800,1.5305,1.5650,25990
2024-05-10,1.5900,1.6066,1.5150,1.5300,63213
2024-05-09,1.6100,1.6400,1.5603,1.6000,15784
2024-05-08,1.6100,1.6400,1.6011,1.6300,17172
2024-05-07,1.6100,1.6700,1.6100,1.6200,45768
2024-05-06,1.6200,1.6500,1.5900,1.6000,39631
2024-05-03,1.6300,1.6300,1.5857,1.6100,30964
2024-05-02,1.5500,1.6300,1.5500,1.6300,36523
2024-05-01,1.5200,1.6000,1.5200,1.5600,39183
2024-04-30,1.5100,1.5400,1.5100,1.5400,27357
2024-04-29,1.5200,1.5200,1.5000,1.5100,43612
2024-04-26,1.4700,1.5200,1.4700,1.5000,38503
2024-04-25,1.4700,1.4900,1.4600,1.4800,17141
2024-04-24,1.5000,1.5100,1.4600,1.4700,82056
2024-04-23,1.5000,1.5000,1.4700,1.4900,36550
2024-04-22,1.5200,1.5200,1.4700,1.4800,71949
2024-04-19,1.5100,1.5200,1.5000,1.5000,45504
2024-04-18,1.5100,1.5400,1.5000,1.5100,27601
2024-04-17,1.5200,1.5200,1.5000,1.5050,28482
2024-04-16,1.5000,1.5200,1.5000,1.5200,61777
2024-04-15,1.5500,1.5500,1.5000,1.5000,35729
2024-04-12,1.5100,1.5260,1.5000,1.5200,97303
2024-04-11,1.5000,1.5200,1.5000,1.5000,26223
2024-04-10,1.5500,1.6000,1.5000,1.5100,147605
2024-04-09,1.5800,1.5930,1.5100,1.5500,59148
2024-04-08,1.6500,1.6500,1.5500,1.5600,45927
2024-04-05,1.6000,1.6000,1.5200,1.5700,108730
2024-04-04,1.5600,1.6400,1.5600,1.5700,36990
2024-04-03,1.5900,1.6099,1.5600,1.5800,49369
2024-04-02,1.6600,1.6700,1.5800,1.6100,57328
2024-04-01,1.6500,1.6662,1.6000,1.6600,68069
2024-03-28,1.6500,1.6600,1.5800,1.6400,65620
2024-03-27,1.6500,1.6500,1.6200,1.6300,34617
2024-03-26,1.6000,1.6300,1.5800,1.6200,44412
2024-03-25,1.6300,1.6300,1.5500,1.5800,71352
2024-03-22,1.5500,1.5700,1.5200,1.5700,45143
2024-03-21,1.6000,1.6000,1.5209,1.5300,57297
2024-03-20,1.5100,1.5800,1.5000,1.5700,35549
2024-03-19,1.5200,1.5400,1.5000,1.5000,45016
2024-03-18,1.5800,1.5800,1.5000,1.5000,52513
2024-03-15,1.5800,1.5800,1.5000,1.5000,161932
2024-03-14,1.5800,1.5892,1.5000,1.5000,59218
2024-03-13,1.5700,1.5800,1.5100,1.5200,99555
2024-03-12,1.6100,1.6183,1.5500,1.5500,96541
2024-03-11,1.6000,1.6500,1.5400,1.5900,70333
2024-03-08,1.6500,1.6891,1.5000,1.5700,230224
2024-03-07,1.6700,1.6900,1.6200,1.6500,75462
2024-03-06,1.6900,1.6900,1.6146,1.6600,109170
2024-03-05,1.6600,1.7000,1.5800,1.6600,239523
2024-03-04,1.8300,1.8300,1.6300,1.6400,195529
2024-03-01,1.8000,1.9400,1.7400,1.8000,349636
2024-02-29,1.7800,1.8900,1.7000,1.8300,298565
2024-02-28,1.8400,1.8400,1.5500,1.7000,656569
2024-02-27,1.8900,1.9200,1.8100,1.8300,55535
2024-02-26,1.7800,1.8846,1.7700,1.8700,54011
2024-02-23,1.8000,1.8240,1.7400,1.8000,58550
2024-02-22,1.7400,1.8000,1.7400,1.7900,35538
2024-02-21,1.8500,1.8900,1.7000,1.7500,102110
2024-02-20,1.9600,2.0000,1.7900,1.8300,84370
2024-02-16,1.9600,2.0200,1.9290,1.9500,79615
2024-02-15,1.9500,2.0000,1.9200,1.9900,79759
2024-02-14,1.8800,1.9800,1.8800,1.9250,74718
2024-02-13,1.7600,1.9599,1.7600,1.8700,171327
2024-02-12,1.7500,1.9500,1.7500,1.8000,100360
2024-02-09,1.7900,1.8298,1.7300,1.7900,36710
2024-02-08,1.7100,1.9500,1.6800,1.7600,96090
2024-02-07,1.7200,1.7500,1.7100,1.7100,24290
2024-02-06,1.6800,1.7400,1.6800,1.7300,70686
2024-02-05,1.7000,1.7500,1.6800,1.6800,55488
2024-02-02,1.7100,1.7700,1.7100,1.7600,31916
2024-02-01,1.7700,1.7800,1.7101,1.7600,53623
2024-01-31,1.6800,1.7800,1.6789,1.7300,35868
2024-01-30,1.7100,1.7700,1.6700,1.6700,56165
2024-01-29,1.7500,1.7900,1.7134,1.7500,53897
2024-01-26,1.6800,1.7500,1.6700,1.7000,50911
2024-01-25,1.7200,1.7491,1.6903,1.7000,32853
2024-01-24,1.7600,1.8000,1.6500,1.7200,70847
2024-01-23,1.7700,1.8000,1.7100,1.7500,68382
2024-01-22,1.7700,1.8000,1.6700,1.7200,44191
2024-01-19,1.7300,1.7400,1.6600,1.6700,52912
2024-01-18,1.7800,1.7800,1.7000,1.7200,43616
2024-01-17,1.7500,1.7800,1.7100,1.7600,30457
2024-01-16,1.8000,1.8800,1.7700,1.7800,50147
2024-01-12,1.8700,1.9500,1.8000,1.8600,54184
2024-01-11,1.9200,1.9539,1.8200,1.8500,195951
2024-01-10,1.9800,2.0000,1.9200,1.9700,48577
2024-01-09,1.9100,1.9900,1.8700,1.9900,80179
2024-01-08,1.8600,1.9200,1.8100,1.9100,59399
2024-01-05,1.9300,1.9550,1.8500,1.8800,45361
2024-01-04,1.9300,1.9900,1.8915,1.9300,58888
2024-01-03,1.9000,1.9800,1.8500,1.9500,111607
2024-01-02,1.9200,2.0054,1.8800,1.9200,100522
2023-12-29,1.9200,1.9908,1.8700,1.9300,636542
2023-12-28,1.8800,2.0000,1.8334,1.9100,183346
2023-12-27,1.7100,1.9000,1.7100,1.9000,198216
2023-12-26,1.5600,1.7200,1.5600,1.7100,129737
2023-12-22,1.6400,1.6900,1.5400,1.6000,151297
2023-12-21,1.6800,1.7300,1.6400,1.6700,76263
2023-12-20,1.7100,1.7400,1.6600,1.6700,49455
2023-12-19,1.6800,1.7400,1.6400,1.7400,78299
2023-12-18,1.7200,1.7550,1.6400,1.6500,73178
2023-12-15,1.6900,1.7400,1.6300,1.7100,81140
2023-12-14,1.7000,1.7454,1.6600,1.7200,148058
2023-12-13,1.6100,1.6700,1.5000,1.6600,93314
2023-12-12,1.6100,1.6400,1.5800,1.5850,76201
2023-12-11,1.8400,1.8684,1.5000,1.5700,371006
2023-12-08,1.8800,1.9499,1.8500,1.8900,33191
2023-12-07,1.8700,1.9400,1.8400,1.9000,42512
2023-12-06,1.8700,1.9200,1.8108,1.8500,104229
2023-12-05,1.9200,1.9800,1.8000,1.8300,84809
2023-12-04,1.9500,1.9900,1.9000,1.9300,62980
2023-12-01,1.9500,2.0400,1.8600,1.9200,140462
2023-11-30,1.9500,1.9900,1.9200,1.9200,84534
2023-11-29,1.9400,2.0799,1.9000,1.9400,77343
2023-11-28,1.9500,2.0000,1.9300,1.9700,33462
2023-11-27,2.1100,2.1700,1.9000,1.9200,455998
2023-11-24,2.0000,2.1390,2.0000,2.1100,29818
2023-11-22,2.0800,2.1500,1.9500,2.0200,100537
2023-11-21,2.0500,2.1476,2.0300,2.0600,34936
2023-11-20,2.1900,2.2600,2.0100,2.0200,147259
2023-11-17,1.8500,2.1600,1.8500,2.1300,332091
2023-11-16,1.9300,1.9899,1.7100,1.8100,287015
2023-11-15,1.7500,1.9000,1.7500,1.8300,47566
2023-11-14,1.7200,1.8000,1.6700,1.7200,48865
2023-11-13,1.8000,1.8500,1.7100,1.7400,54882
2023-11-10,1.9000,1.9000,1.8000,1.8000,40042
2023-11-09,1.9300,2.0300,1.9000,1.9200,25785
2023-11-08,1.9900,2.0100,1.9200,1.9600,41918
2023-11-07,2.0500,2.0886,1.9100,1.9500,30956
2023-11-06,2.0600,2.1727,2.0106,2.0500,24191
2023-11-03,2.0000,2.1800,2.0000,2.0600,63579
2023-11-02,1.8300,1.9900,1.8300,1.9800,34786
2023-11-01,2.0000,2.0000,1.8500,1.8500,59057
2023-10-31,1.9200,1.9900,1.8900,1.9900,23255
2023-10-30,1.9000,1.9500,1.8400,1.9200,70258
2023-10-27,1.7500,1.8700,1.7439,1.8200,33040
2023-10-26,1.6600,1.8300,1.6400,1.7400,40926
2023-10-25,1.7100,1.7800,1.6200,1.6400,74223
2023-10-24,1.8300,1.8800,1.8000,1.8200,23022
2023-10-23,1.8600,1.8736,1.7800,1.7900,32454
2023-10-20,1.8400,1.8745,1.8000,1.8600,23066
2023-10-19,1.9000,1.9200,1.8100,1.8400,37717
2023-10-18,2.1400,2.2323,1.8500,1.8700,76005
2023-10-17,1.8900,2.1500,1.8600,2.1450,108515
2023-10-16,1.7300,1.8480,1.7000,1.8200,39190
2023-10-13,1.6900,1.7703,1.6600,1.7500,42819
2023-10-12,1.8700,1.8899,1.6600,1.6800,127929
2023-10-11,1.9900,2.0000,1.8200,1.8400,40987
2023-10-10,1.8000,1.9800,1.8000,1.9600,79830
2023-10-09,1.8900,1.9100,1.8000,1.8300,48782
2023-10-06,1.8600,1.9396,1.8300,1.9100,37705
2023-10-05,1.8900,1.9300,1.8004,1.8800,45753
2023-10-04,2.0200,2.0300,1.8500,1.8600,74728
2023-10-03,2.1000,2.1197,1.9800,1.9800,77192
2023-10-02,2.4000,2.4039,2.0100,2.0800,129235
2023-09-29,2.4300,2.4500,2.3458,2.4000,38873
2023-09-28,2.4200,2.4700,2.3800,2.4000,27259
2023-09-27,2.4500,2.4600,2.3900,2.4100,62328
2023-09-26,2.4100,2.4500,2.3800,2.3800,39343
2023-09-25,2.4800,2.5000,2.4200,2.4500,29708
2023-09-22,2.5400,2.5400,2.4700,2.4700,22722
2023-09-21,2.4800,2.5900,2.4600,2.5900,40798
2023-09-20,2.5000,2.6000,2.4500,2.4700,31414
2023-09-19,2.5000,2.5200,2.4500,2.5000,20439
2023-09-18,2.5900,2.5900,2.4700,2.4800,29238
2023-09-15,2.4700,2.5700,2.4700,2.5500,45760
2023-09-14,2.4700,2.5700,2.4700,2.4700,41825
2023-09-13,2.4900,2.6000,2.4500,2.5400,55730
2023-09-12,2.4800,2.5500,2.4730,2.5100,25306
2023-09-11,2.5200,2.5500,2.4250,2.4800,50170
2023-09-08,2.5000,2.5600,2.4500,2.4900,26332
2023-09-07,2.5100,2.6000,2.4535,2.5100,26835
2023-09-06,2.6200,2.6200,2.4500,2.5200,33912
2023-09-05,2.5900,2.6500,2.5000,2.5600,39109
2023-09-01,2.6400,2.6600,2.6000,2.6200,26975
2023-08-31,2.5500,2.6500,2.5500,2.6500,35329
2023-08-30,2.6400,2.6600,2.4600,2.5300,64170
2023-08-29,2.5800,2.6500,2.5300,2.6500,38091
2023-08-28,2.4700,2.6000,2.4700,2.5900,43517
2023-08-25,2.4500,2.4800,2.4000,2.4600,31392
2023-08-24,2.6200,2.6200,2.4001,2.4400,48540
2023-08-23,2.4600,2.6200,2.4053,2.6200,85121
2023-08-22,2.5000,2.5499,2.3600,2.4600,59037
2023-08-21,2.2400,2.4600,2.2400,2.4500,64770
2023-08-18,2.4000,2.4100,2.2200,2.2200,124370
2023-08-17,2.5500,2.6000,2.4000,2.4100,61822
2023-08-16,2.5500,2.6300,2.5000,2.5500,67142
2023-08-15,2.5900,2.6700,2.5601,2.6100,60061
2023-08-14,2.5900,2.6500,2.5280,2.6100,59979
2023-08-11,2.5600,2.6000,2.4797,2.6000,45429
2023-08-10,2.3000,2.6713,2.2587,2.5700,123186
2023-08-09,2.3900,2.4600,2.3000,2.3000,92370
2023-08-08,2.3900,2.4900,2.3500,2.4100,52377
2023-08-07,2.5900,2.6897,2.4000,2.4300,103232
2023-08-04,2.7400,2.7499,2.5600,2.6000,105470
2023-08-03,2.7700,2.8300,2.6600,2.6900,77884
2023-08-02,2.9400,2.9400,2.6803,2.7600,123767
2023-08-01,2.7800,2.9900,2.7800,2.9700,109496
2023-07-31,2.8600,2.8600,2.7600,2.7700,121948
2023-07-28,2.7900,2.9000,2.7400,2.8900,164117
2023-07-27,2.8200,2.8400,2.7000,2.7300,74220
2023-07-26,2.6300,2.8400,2.6300,2.8000,70513
2023-07-25,2.7500,2.8000,2.6100,2.6500,98976
2023-07-24,2.8700,2.9425,2.6600,2.7300,140905
2023-07-21,2.9600,3.0490,2.8127,2.8600,122491
2023-07-20,3.1200,3.1400,2.9100,2.9400,96524
2023-07-19,3.0700,3.1900,3.0700,3.1500,141991
2023-07-18,2.9500,3.1000,2.9012,3.0600,75250
2023-07-17,3.0600,3.1400,2.9600,2.9800,107194
2023-07-14,3.1700,3.2196,2.9999,3.0500,107321
2023-07-13,3.1800,3.2500,3.0610,3.1700,117044
2023-07-12,3.1000,3.2100,3.0800,3.1500,94476
2023-07-11,3.1100,3.1200,3.0001,3.0800,88578
2023-07-10,2.9700,3.1200,2.9600,3.1000,156963
2023-07-07,2.8600,2.9699,2.7900,2.9500,119324
2023-07-06,2.8900,2.8959,2.7500,2.8600,68354
2023-07-05,2.9000,3.1300,2.8000,2.8900,277635
2023-07-03,2.5300,2.7500,2.5101,2.7200,123917
2023-06-30,2.5100,2.6800,2.4500,2.5500,171885
2023-06-29,2.6400,2.6800,2.4400,2.4800,300413
2023-06-28,2.9200,2.9200,2.5000,2.5800,499511
2023-06-27,3.1100,3.1499,2.7600,2.9700,716707
2023-06-26,3.1000,3.2300,3.1000,3.1100,481178
2023-06-23,3.2300,3.2900,3.2000,3.2500,143982
2023-06-22,3.2600,3.3300,3.2000,3.2100,116059
2023-06-21,3.4500,3.4800,3.2100,3.2900,108968
2023-06-20,3.1900,3.4600,3.1500,3.4100,186268
2023-06-16,3.1700,3.2497,3.0701,3.2000,112119
2023-06-15,3.3600,3.3600,3.0700,3.1800,196382
2023-06-14,3.3900,3.4799,3.3100,3.3100,144309
2023-06-13,3.2900,3.4300,3.2600,3.4000,145797
2023-06-12,3.4500,3.5800,3.2000,3.2800,369268
2023-06-09,3.5900,3.6090,3.2700,3.4400,136870
2023-06-08,3.3900,3.7400,3.3600,3.5400,323627
2023-06-07,3.5000,3.5800,3.2770,3.3400,221983
2023-06-06,3.3400,3.8200,3.3400,3.5000,496360
2023-06-05,3.3300,3.4300,3.2001,3.3400,180137
2023-06-02,3.2600,3.3500,3.1050,3.1900,206039
2023-06-01,3.0100,3.3300,2.9500,3.1800,278018
2023-05-31,2.9500,3.0600,2.8800,3.0100,164730
2023-05-30,2.9800,3.2000,2.7800,2.9300,357651
2023-05-26,2.7800,3.0400,2.7800,2.9200,226617
2023-05-25,2.9600,3.0700,2.6300,2.7200,316825
2023-05-24,3.2000,3.2000,2.9000,2.9550,173049
2023-05-23,3.2400,3.3749,3.0500,3.0900,156746
2023-05-22,2.9400,3.2400,2.9200,3.2300,252603
2023-05-19,2.9200,3.0811,2.8100,2.8300,219294
2023-05-18,2.8200,2.9599,2.7222,2.9400,195568
2023-05-17,2.7000,2.8200,2.5900,2.7700,157584
2023-05-16,2.8200,2.8500,2.6301,2.6700,102519
2023-05-15,2.6900,2.9400,2.6900,2.8700,133122
2023-05-12,2.7700,2.8317,2.6600,2.6800,149777
2023-05-11,2.8800,2.9400,2.7300,2.7700,127505
2023-05-10,2.5400,2.9900,2.5400,2.8800,492871
2023-05-09,2.3800,2.5800,2.3400,2.4900,183280
2023-05-08,2.3600,2.4300,2.2700,2.3950,138020
2023-05-05,2.2900,2.3800,2.2700,2.3400,167623
2023-05-04,2.3200,2.3800,2.2300,2.2800,185272
2023-05-03,2.2200,2.3899,2.2000,2.3100,184399
2023-05-02,2.1700,2.2900,2.1100,2.2200,221445
2023-05-01,2.1500,2.2100,2.0900,2.2000,242589
2023-04-28,2.0600,2.1900,2.0315,2.1400,155411
2023-04-27,2.0400,2.1400,2.0100,2.0700,208135
2023-04-26,2.1000,2.1350,2.0100,2.0800,264233
2023-04-25,2.0900,2.1500,2.0100,2.0400,220417
2023-04-24,2.3200,2.3800,2.0300,2.1900,1334587
2023-04-21,2.2100,2.3990,2.1400,2.3100,226065
2023-04-20,2.3500,2.3500,2.1300,2.1300,224179
2023-04-19,2.2500,2.5100,2.2100,2.3400,409504
2023-04-18,2.4600,2.4600,2.0501,2.2800,569425
2023-04-17,2.0600,2.5900,2.0250,2.4600,1307396
2023-04-14,1.9500,2.0700,1.9300,1.9600,386119
2023-04-13,1.7900,1.9500,1.7600,1.9500,243652
2023-04-12,1.8400,1.9100,1.7500,1.7800,226748
2023-04-11,1.7900,1.8800,1.7500,1.8500,530838
2023-04-10,1.5100,1.7800,1.5000,1.7700,616645
2023-04-06,1.5600,1.5700,1.4700,1.5000,387558
2023-04-05,1.5300,1.6601,1.4700,1.6000,517876
2023-04-04,1.5300,1.5313,1.4606,1.4900,337181
2023-04-03,1.6100,1.6179,1.5300,1.5500,589912
2023-03-31,1.7000,1.7319,1.6300,1.6300,525178
2023-03-30,1.7000,1.8200,1.6800,1.7000,647503
2023-03-29,1.7300,1.7600,1.6400,1.6700,584755
2023-03-28,1.9500,2.0200,1.6500,1.7500,1899259
2023-03-27,2.2200,2.7100,1.9400,1.9500,6015481
2023-03-24,4.1600,4.2500,4.0000,4.1500,129621
2023-03-23,4.0000,4.3700,3.9500,4.1000,259084
2023-03-22,4.1300,4.2300,3.9700,4.0100,233161
2023-03-21,3.5300,4.2500,3.5001,4.1200,652395
2023-03-20,3.6800,3.7800,3.3000,3.4100,433709
2023-03-17,3.9500,4.0097,3.7400,3.7800,177399
2023-03-16,4.1600,4.1600,3.9000,4.0500,132966
2023-03-15,4.0100,4.2350,3.9500,4.1500,157005
2023-03-14,4.0000,4.2100,3.9450,4.1700,126868
2023-03-13,3.6900,4.0000,3.6700,3.9300,188116
2023-03-10,4.0500,4.1500,3.7450,3.7950,210512
2023-03-09,4.3700,4.3700,3.9650,4.0200,219951
2023-03-08,4.7500,4.8600,4.3500,4.4300,214276
2023-03-07,4.6500,5.1050,4.5700,4.7900,356813
2023-03-06,4.5600,4.6799,4.5200,4.6500,211722
2023-03-03,4.6000,4.6300,4.4765,4.5900,115174
2023-03-02,4.4100,4.5900,4.2500,4.5700,154371
2023-03-01,4.5200,4.5550,4.2100,4.5000,160897
2023-02-28,4.4500,4.7500,4.4200,4.5000,205252
2023-02-27,3.9900,4.4300,3.9550,4.4100,322016
2023-02-24,4.1500,4.1600,3.8600,3.9000,178503
2023-02-23,4.2500,4.2700,4.0200,4.1000,104182
2023-02-22,4.1500,4.2700,4.0200,4.2200,156892
2023-02-21,4.3100,4.5500,4.1400,4.1500,298806
2023-02-17,4.3200,4.3700,4.2100,4.3200,122488
2023-02-16,4.2400,4.4300,4.2400,4.3100,165093
2023-02-15,4.0100,4.4300,4.0100,4.3300,277275
2023-02-14,4.5400,4.5900,3.7000,3.9100,506342
2023-02-13,4.4200,4.6200,4.2915,4.5400,230948
2023-02-10,4.6500,4.6500,4.0301,4.3900,416927
2023-02-09,4.7400,5.1690,4.5200,4.6100,423373
2023-02-08,5.6000,5.6000,4.5000,4.6200,724641
2023-02-07,5.1700,5.7200,5.1700,5.5100,531326
2023-02-06,5.0500,5.2600,5.0100,5.0900,268980
2023-02-03,4.8400,5.1184,4.8000,4.9600,221945
2023-02-02,4.8400,5.1296,4.7000,4.8000,345969
2023-02-01,4.6200,4.9100,4.5450,4.7900,190835
2023-01-31,4.3900,4.6300,4.3800,4.6200,89022
2023-01-30,4.4500,4.6800,4.3700,4.3800,120312
2023-01-27,4.3500,4.5300,4.3100,4.4800,182163
2023-01-26,4.1800,4.4400,4.1000,4.3100,164041
2023-01-25,3.9800,4.2400,3.8100,4.1500,327693
2023-01-24,4.5600,4.6800,4.2300,4.2300,354462
2023-01-23,4.3900,4.5900,4.2300,4.5600,243271
2023-01-20,4.1400,4.4100,4.1200,4.3100,129855
2023-01-19,4.3500,4.3500,3.9801,4.0900,238983
2023-01-18,4.2300,4.5200,4.1300,4.4000,354984
2023-01-17,4.4500,4.5500,3.8500,4.1000,522089
2023-01-13,3.6200,4.3200,3.6200,4.2900,557805
2023-01-12,3.5800,3.6600,3.4500,3.6300,160123
2023-01-11,3.6700,3.6800,3.4200,3.5100,217177
2023-01-10,3.3000,3.6500,3.2400,3.5800,340041
2023-01-09,3.4300,3.4300,3.2400,3.2700,145348
2023-01-06,3.4400,3.4400,3.1800,3.3600,138951
2023-01-05,3.4300,3.4800,3.3200,3.4400,150338
2023-01-04,3.0400,3.4800,2.9700,3.4200,427821
2023-01-03,2.8100,2.9999,2.7900,2.9600,208109
2022-12-30,2.6110,2.7500,2.6100,2.7400,197675
2022-12-29,2.6200,2.7600,2.5300,2.7500,181366
2022-12-28,2.5100,2.6400,2.4815,2.6300,68755
2022-12-27,2.8100,2.8100,2.4800,2.5300,210552
2022-12-23,2.8400,2.8900,2.7700,2.8200,79869
2022-12-22,2.8600,2.8900,2.7500,2.8400,121573
2022-12-21,2.7600,2.9300,2.7267,2.8600,89271
2022-12-20,2.6500,2.7600,2.6000,2.7100,95020
2022-12-19,2.8100,2.8200,2.6200,2.6500,120874
2022-12-16,2.7700,2.9500,2.7100,2.8000,309800
2022-12-15,2.8200,2.8700,2.7600,2.7900,140723
2022-12-14,2.8500,2.9300,2.8200,2.8200,63819
2022-12-13,2.9500,2.9800,2.8100,2.8800,102571
2022-12-12,2.9400,2.9800,2.8000,2.9200,133214
2022-12-09,2.8500,3.0300,2.8000,2.8800,165088
2022-12-08,2.8100,2.9600,2.7300,2.8500,189737
2022-12-07,2.7600,2.8500,2.7000,2.8000,81481
2022-12-06,2.9400,2.9400,2.7200,2.7400,239635
2022-12-05,2.8000,2.9820,2.6900,2.9300,280515
2022-12-02,2.6700,2.8000,2.6000,2.7900,150812
2022-12-01,2.7800,2.8700,2.6700,2.6900,236945
2022-11-30,2.7200,2.7900,2.6400,2.7500,256862
2022-11-29,2.5900,2.7105,2.5600,2.7100,240257
2022-11-28,2.6000,2.6800,2.4700,2.5600,508592
2022-11-25,2.4500,2.6000,2.4200,2.5900,216490
2022-11-23,2.3400,2.4400,2.2800,2.4000,269397
2022-11-22,2.3300,2.3300,2.2300,2.2700,123986
2022-11-21,2.3900,2.3900,2.2500,2.3000,155666
2022-11-18,2.5500,2.5500,2.3334,2.3800,231054
2022-11-17,2.5800,2.6100,2.4500,2.5200,210598
2022-11-16,2.6000,2.6800,2.5200,2.5800,357226
2022-11-15,2.7000,2.7900,2.6000,2.6200,327455
2022-11-14,2.5400,2.7500,2.4250,2.6300,596699
2022-11-11,2.1900,2.5400,2.1300,2.5100,467065
2022-11-10,2.2700,2.3300,2.0900,2.1200,581972
2022-11-09,2.5100,2.5100,2.1000,2.1150,680986
2022-11-08,2.4800,2.5479,2.4000,2.4600,542933
2022-11-07,2.4100,2.4800,2.3700,2.4400,214195
2022-11-04,2.5900,2.5900,2.3000,2.4300,465980
2022-11-03,2.4000,2.5400,2.2700,2.5400,802424
2022-11-02,2.6700,2.7200,2.3000,2.3500,1754027
2022-11-01,3.6300,3.7400,2.6700,2.7500,27596404
2022-10-31,2.6100,2.9000,2.5000,2.8600,305764
2022-10-28,2.5700,2.5900,2.4600,2.5400,199720
2022-10-27,2.7700,2.7700,2.5100,2.5400,193541
2022-10-26,2.5100,3.1000,2.4815,2.7200,1278427
2022-10-25,2.5000,2.6350,2.4800,2.4800,244085
2022-10-24,2.9100,2.9300,2.4901,2.5000,322976
2022-10-21,3.1300,3.2500,2.8400,2.9300,263144
2022-10-20,3.0300,3.2600,2.9400,3.0900,366014
2022-10-19,0.3750,0.3750,0.3100,0.3406,3377029
2022-10-18,0.4208,0.4208,0.3950,0.3983,1199479
2022-10-17,0.4200,0.4200,0.3985,0.4168,666465
2022-10-14,0.4100,0.4184,0.3880,0.3920,742065
2022-10-13,0.3800,0.4049,0.3788,0.4049,1376828
2022-10-12,0.3700,0.3800,0.3539,0.3740,742819
2022-10-11,0.3727,0.3900,0.3600,0.3637,1070848
2022-10-10,0.3708,0.3898,0.3700,0.3842,988843
2022-10-07,0.4000,0.4080,0.3700,0.3875,1541796
2022-10-06,0.3943,0.4100,0.3943,0.4100,568218
2022-10-05,0.4099,0.4100,0.3927,0.3999,923558
2022-10-04,0.4069,0.4260,0.4049,0.4147,883682
2022-10-03,0.3949,0.4170,0.3821,0.4045,752275
2022-09-30,0.4110,0.4200,0.3950,0.3951,588044
2022-09-29,0.4275,0.4275,0.4000,0.4096,545998
2022-09-28,0.3980,0.4300,0.3950,0.4274,893353
2022-09-27,0.4012,0.4100,0.3965,0.4089,597212
2022-09-26,0.3998,0.4188,0.3930,0.3971,910337
2022-09-23,0.4100,0.4250,0.3900,0.4050,1275814
2022-09-22,0.4200,0.4324,0.4110,0.4323,1321453
2022-09-21,0.4357,0.4400,0.4200,0.4254,1297500
2022-09-20,0.4330,0.4542,0.4320,0.4478,876469
2022-09-19,0.4658,0.4658,0.4310,0.4521,1618801
2022-09-16,0.4723,0.4815,0.4601,0.4650,1017403
2022-09-15,0.4800,0.4900,0.4700,0.4810,627304
2022-09-14,0.4800,0.4976,0.4707,0.4750,1071289
2022-09-13,0.4900,0.5298,0.4800,0.4971,1397466
2022-09-12,0.5150,0.5250,0.4950,0.5100,1421480
2022-09-09,0.5055,0.5250,0.5010,0.5150,2195408
2022-09-08,0.4810,0.4965,0.4700,0.4949,1176435
2022-09-07,0.4300,0.4700,0.4211,0.4700,2089543
2022-09-06,0.4500,0.4510,0.4200,0.4300,2580028
2022-09-02,0.4500,0.4550,0.4241,0.4500,2464637
2022-09-01,0.4623,0.4780,0.4300,0.4500,2877199
2022-08-31,0.4980,0.4990,0.4600,0.4648,2893706
2022-08-30,0.5070,0.5130,0.4740,0.4902,2125639
2022-08-29,0.5170,0.5170,0.4740,0.5050,4425784
2022-08-26,0.5500,0.5649,0.5050,0.5274,4530543
2022-08-25,0.5900,0.5900,0.5500,0.5572,4076545
2022-08-24,0.5700,0.5964,0.5510,0.5800,3615238
2022-08-23,0.6028,0.6040,0.5655,0.5682,4091514
2022-08-22,0.6072,0.6198,0.5908,0.6100,3782079
2022-08-19,0.6481,0.6600,0.5800,0.6100,8456654
2022-08-18,0.6449,0.6998,0.6025,0.6101,30916952
2022-08-17,1.2500,1.2700,0.9400,0.9701,8009022
2022-08-16,1.3000,1.3800,1.1900,1.3700,7023510
2022-08-15,1.5700,1.6690,1.2600,1.2900,27937507
2022-08-12,1.8300,1.8500,1.2600,1.3100,94545656
2022-08-11,1.0100,1.0200,0.8500,0.8501,641046
2022-08-10,0.9000,0.9700,0.8700,0.9700,334632
2022-08-09,1.0300,1.0300,0.8350,0.8700,837145
2022-08-08,0.9933,1.0600,0.9522,1.0300,1413853
2022-08-05,0.7455,0.8772,0.7200,0.8652,675620
2022-08-04,0.7300,0.7700,0.6901,0.7500,570127
2022-08-03,0.6600,0.7300,0.6350,0.7200,445162
2022-08-02,0.6320,0.6700,0.6300,0.6548,243046
2022-08-01,0.6655,0.6736,0.6300,0.6500,274284
2022-07-29,0.7000,0.7000,0.6500,0.6634,223740
2022-07-28,0.6690,0.6900,0.6500,0.6807,255780
2022-07-27,0.6340,0.6989,0.6200,0.6897,245998
2022-07-26,0.6500,0.6680,0.6200,0.6340,234812
2022-07-25,0.6875,0.7098,0.6507,0.6695,153545
2022-07-22,0.6900,0.7160,0.6689,0.6745,298929
2022-07-21,0.6903,0.7230,0.6903,0.7180,146917
2022-07-20,0.6700,0.7200,0.6660,0.7101,248188
2022-07-19,0.7200,0.7500,0.6810,0.7150,381470
2022-07-18,0.6645,0.7443,0.6501,0.7155,547127
2022-07-15,0.6801,0.7000,0.6401,0.6501,297626
2022-07-14,0.7266,0.7400,0.6250,0.6366,546431
2022-07-13,0.6500,0.7700,0.6301,0.7078,1307835
2022-07-12,0.5840,0.6230,0.5840,0.6230,252292
2022-07-11,0.6137,0.6150,0.5881,0.5881,507704
2022-07-08,0.5900,0.6100,0.5900,0.6000,428658
2022-07-07,0.5835,0.6210,0.5835,0.6000,295224
2022-07-06,0.6296,0.6296,0.5800,0.5917,398843
2022-07-05,0.6400,0.6400,0.6000,0.6091,910840
2022-07-01,0.5620,0.6300,0.5588,0.6259,246751
2022-06-30,0.5900,0.6346,0.5500,0.5635,731575
2022-06-29,0.6000,0.6200,0.5950,0.6000,160861
2022-06-28,0.5950,0.6200,0.5934,0.5964,211854
2022-06-27,0.5900,0.6137,0.5900,0.5990,259684
2022-06-24,0.6091,0.6301,0.5910,0.5942,326341
2022-06-23,0.6186,0.6186,0.5901,0.6000,435795
2022-06-22,0.5800,0.6199,0.5800,0.5902,284854
2022-06-21,0.6300,0.6300,0.5920,0.5920,489570
2022-06-17,0.5810,0.6400,0.5810,0.5900,344073
2022-06-16,0.6200,0.6200,0.5700,0.5900,287796
2022-06-15,0.6000,0.6400,0.5930,0.5963,746622
2022-06-14,0.6315,0.6789,0.5905,0.5990,588547
2022-06-13,0.6502,0.6600,0.6000,0.6399,326674
2022-06-10,0.6900,0.7200,0.6605,0.6799,630673
2022-06-09,0.7100,0.7256,0.6911,0.7000,220772
2022-06-08,0.7115,0.7400,0.6900,0.7000,471519
2022-06-07,0.7178,0.7300,0.6601,0.6975,756649
2022-06-06,0.7789,0.7899,0.7000,0.7058,568267
2022-06-03,0.7780,0.7800,0.7500,0.7780,235151
2022-06-02,0.7700,0.7948,0.7600,0.7670,242174
2022-06-01,0.7800,0.8042,0.7700,0.7767,225253
2022-05-31,0.8200,0.9000,0.7900,0.7901,400996
2022-05-27,0.7900,0.8400,0.7801,0.8271,268730
2022-05-26,0.7500,0.7900,0.7366,0.7779,131492
2022-05-25,0.7599,0.7880,0.7308,0.7620,174444
2022-05-24,0.8200,0.8200,0.7530,0.7604,235449
2022-05-23,0.8083,0.8323,0.8000,0.8169,145523
2022-05-20,0.8400,0.8492,0.7863,0.7875,254170
2022-05-19,0.8000,0.8600,0.7854,0.8228,201061
2022-05-18,0.8115,0.8598,0.8006,0.8196,161511
2022-05-17,0.7900,0.8500,0.7900,0.8500,235306
2022-05-16,0.7880,0.8300,0.7774,0.7938,234043
2022-05-13,0.7800,0.8300,0.7500,0.8100,287866
2022-05-12,0.7200,0.7800,0.7100,0.7418,370186
2022-05-11,0.8000,0.8099,0.7300,0.7300,323364
2022-05-10,0.7500,0.7901,0.7400,0.7693,370202
2022-05-09,0.8400,0.8500,0.7500,0.7564,593483
2022-05-06,0.9100,0.9100,0.8200,0.8500,282162
2022-05-05,0.8950,0.9380,0.8350,0.8612,349120
2022-05-04,0.9500,0.9800,0.8900,0.9255,333107
2022-05-03,0.9300,0.9750,0.9300,0.9585,224840
2022-05-02,0.8800,0.9544,0.8800,0.9300,274429
2022-04-29,0.9353,0.9691,0.9000,0.9100,375899
2022-04-28,0.9300,0.9600,0.9033,0.9374,229471
2022-04-27,0.9696,0.9799,0.9210,0.9304,198237
2022-04-26,0.9577,0.9799,0.9033,0.9696,424226
2022-04-25,0.9300,1.0160,0.9300,0.9577,414672
2022-04-22,1.0300,1.0300,0.9292,0.9500,503272
2022-04-21,1.0400,1.0600,0.9725,0.9805,455483
2022-04-20,1.0300,1.0700,1.0000,1.0200,402498
2022-04-19,0.9820,1.0400,0.9700,1.0100,383776
2022-04-18,1.0500,1.0500,0.9670,0.9818,465148
2022-04-14,1.1100,1.1100,1.0300,1.0300,268882
2022-04-13,1.0200,1.1100,1.0200,1.0900,282858
2022-04-12,1.0400,1.0700,1.0100,1.0200,376480
2022-04-11,1.0900,1.1000,1.0100,1.0300,362104
2022-04-08,1.1700,1.1700,1.0650,1.0800,444998
2022-04-07,1.2100,1.2100,1.1400,1.1700,294426
2022-04-06,1.2200,1.2400,1.1700,1.2100,380189
2022-04-05,1.2900,1.2900,1.2300,1.2400,356152
2022-04-04,1.2200,1.3000,1.2100,1.2900,551967
2022-04-01,1.1700,1.3000,1.1700,1.2200,723870
2022-03-31,1.1400,1.1900,1.1000,1.1200,1024518
2022-03-30,1.2000,1.2400,1.1500,1.1600,407513
2022-03-29,1.1700,1.2200,1.1600,1.2000,539699
2022-03-28,1.1600,1.2000,1.1004,1.1700,573918
2022-03-25,1.1900,1.3150,1.1500,1.1600,538934
2022-03-24,1.2500,1.2599,1.1600,1.1900,551482
2022-03-23,1.3400,1.3700,1.2400,1.2400,858350
2022-03-22,1.2000,1.3900,1.2000,1.3400,1459119
2022-03-21,1.1800,1.2500,1.1500,1.1700,849787
2022-03-18,1.0800,1.2000,1.0500,1.1500,914925
2022-03-17,1.0000,1.1000,0.9804,1.0900,999121
2022-03-16,0.9300,1.0500,0.8802,1.0200,1391405
2022-03-15,0.8001,0.8500,0.7831,0.8200,938826
2022-03-14,0.8800,0.9000,0.7664,0.7710,899773
2022-03-11,0.7884,0.9517,0.7860,0.9098,1159750
2022-03-10,0.8066,0.8100,0.7510,0.7900,662883
2022-03-09,0.7391,0.8357,0.7300,0.8290,891255
2022-03-08,0.7395,0.7680,0.6950,0.7280,800420
2022-03-07,0.7400,0.7676,0.7070,0.7162,549024
2022-03-04,0.7800,0.8000,0.7196,0.7495,628235
2022-03-03,0.8200,0.8700,0.7505,0.7589,820656
2022-03-02,0.8613,0.8678,0.8000,0.8167,583536
2022-03-01,0.8842,0.9210,0.8300,0.8301,564597
2022-02-28,0.8900,0.9500,0.8600,0.8699,726893
2022-02-25,0.9289,0.9400,0.8881,0.9152,549107
2022-02-24,0.8300,0.9500,0.7607,0.9186,718202
2022-02-23,0.9123,0.9372,0.8500,0.8519,481444
2022-02-22,0.9500,0.9599,0.8800,0.9047,883764
2022-02-18,1.0300,1.0300,0.9441,0.9493,496292
2022-02-17,1.0100,1.0300,0.9811,0.9949,424662
2022-02-16,1.0200,1.0600,1.0100,1.0300,495596
2022-02-15,1.0500,1.0500,0.9954,1.0500,743302
2022-02-14,0.9600,1.0800,0.9564,0.9806,1482840
2022-02-11,1.0300,1.0300,0.9100,0.9156,1047029
2022-02-10,1.0500,1.0900,0.9800,0.9960,778182
2022-02-09,1.0000,1.0700,0.9800,1.0600,973668
2022-02-08,1.0400,1.0400,0.9235,0.9870,1099933
2022-02-07,1.0700,1.0900,1.0000,1.0400,1276217
2022-02-04,1.0600,1.0784,1.0000,1.0200,1158575
2022-02-03,1.1300,1.1500,1.0400,1.0600,761942
2022-02-02,1.3000,1.3139,1.1500,1.1700,781918
2022-02-01,1.2200,1.2700,1.1801,1.2700,1124601
2022-01-31,1.1300,1.2200,1.1000,1.2100,1405246
2022-01-28,1.0389,1.0900,1.0020,1.0900,458936
2022-01-27,1.1745,1.1745,1.0100,1.0300,651769
2022-01-26,1.1600,1.1800,1.0800,1.1000,683127
2022-01-25,1.1000,1.1500,1.0600,1.1200,1171366
2022-01-24,1.2300,1.2300,1.0300,1.1600,1163682
2022-01-21,1.2300,1.2600,1.1900,1.2100,958964
2022-01-20,1.2800,1.3300,1.2200,1.2400,546833
2022-01-19,1.3000,1.3500,1.2200,1.2500,771345
2022-01-18,1.5000,1.6000,1.2900,1.3000,2073322
2022-01-14,1.4000,1.4800,1.3800,1.4800,514338
2022-01-13,1.5392,1.5392,1.3650,1.4100,1004023
2022-01-12,1.5364,1.5822,1.4500,1.4700,1104456
2022-01-11,1.5400,1.6800,1.5200,1.5400,909244
2022-01-10,1.6000,1.6100,1.4800,1.5200,740890
2022-01-07,1.7000,1.7600,1.5600,1.6000,705524
2022-01-06,1.8500,1.8900,1.6500,1.6700,1603995
2022-01-05,1.8600,1.9000,1.7300,1.8300,2320925
2022-01-04,1.7900,1.9110,1.6217,1.8600,3831597
2022-01-03,1.5500,1.7800,1.5000,1.7500,4147523
2021-12-31,1.3700,1.5500,1.3700,1.4600,1082487
2021-12-30,1.2400,1.5000,1.2400,1.3800,1522810
2021-12-29,1.3700,1.3700,1.2300,1.3000,1305952
2021-12-28,1.3600,1.4200,1.3106,1.3600,1336874
2021-12-27,1.5800,1.5800,1.3700,1.3800,1859714
2021-12-23,1.5200,1.6000,1.4950,1.5600,862691
2021-12-22,1.5600,1.5600,1.4600,1.5400,661468
2021-12-21,1.5400,1.5800,1.4800,1.5300,720745
2021-12-20,1.6000,1.6000,1.4800,1.5200,1101543
2021-12-17,1.5300,1.6500,1.4300,1.6000,1172949
2021-12-16,1.7600,1.7600,1.5200,1.5400,1211939
2021-12-15,1.6200,1.7600,1.5500,1.7600,699037
2021-12-14,1.6300,1.7300,1.5450,1.5800,904628
2021-12-13,1.7500,1.7678,1.6600,1.7200,658707
2021-12-10,1.9000,1.9059,1.7250,1.7500,506687
2021-12-09,1.9813,2.0000,1.8200,1.8800,747335
2021-12-08,1.8400,1.9600,1.8000,1.9500,684737
2021-12-07,1.7608,1.8900,1.6800,1.8800,783814
2021-12-06,1.7400,1.7400,1.5400,1.6900,1024635
2021-12-03,1.9600,1.9600,1.7000,1.7400,851505
2021-12-02,2.0257,2.0257,1.8162,1.8900,844852
2021-12-01,2.2400,2.2400,1.9000,1.9300,965306
2021-11-30,2.1100,2.2000,2.0200,2.2000,1275788
2021-11-29,2.3200,2.3250,2.0700,2.0800,858180
2021-11-26,2.3200,2.3600,2.2000,2.2100,624372
2021-11-24,2.2700,2.3862,2.2600,2.3200,834990
2021-11-23,2.4800,2.4800,2.2900,2.3500,561204
2021-11-22,2.5480,2.6134,2.3400,2.4600,718355
2021-11-19,2.5400,2.6451,2.5400,2.6000,425100
2021-11-18,2.8400,2.8400,2.5000,2.5300,622369
2021-11-17,2.6800,2.7600,2.6300,2.6400,375883
2021-11-16,2.8500,2.8651,2.6700,2.7000,597296
2021-11-15,2.9200,3.0596,2.8300,2.8500,832111
2021-11-12,2.9100,2.9200,2.7200,2.9000,709824
2021-11-11,3.1000,3.1150,2.7201,2.8900,2566627
2021-11-10,2.7200,3.6400,2.7200,3.1700,15727142
2021-11-09,2.4200,2.5868,2.3100,2.5700,971089
2021-11-08,2.3600,2.4200,2.3200,2.3600,460617
2021-11-05,2.5500,2.5656,2.3028,2.3200,703650
2021-11-04,2.5454,2.6100,2.4700,2.5400,473091
2021-11-03,2.8375,2.8400,2.4600,2.4800,799561
2021-11-02,2.4100,2.7450,2.4000,2.7250,676590
2021-11-01,2.4700,2.4800,2.3600,2.4100,544354
2021-10-29,2.2600,2.4100,2.2300,2.3900,757285
2021-10-28,2.2500,2.2700,2.2200,2.2700,261416
2021-10-27,2.2400,2.2600,2.2000,2.2200,218216
2021-10-26,2.2300,2.2900,2.2088,2.2700,409443
2021-10-25,2.2500,2.2750,2.2000,2.2200,403934
2021-10-22,2.2600,2.2600,2.2100,2.2400,294312
2021-10-21,2.3200,2.3600,2.2100,2.2500,506567
2021-10-20,2.3800,2.3900,2.2600,2.3200,354375
2021-10-19,2.3200,2.3700,2.2700,2.3700,310832
2021-10-18,2.3600,2.4000,2.2300,2.3100,525942
2021-10-15,2.4000,2.4200,2.3400,2.3500,297027
2021-10-14,2.4400,2.4750,2.3800,2.3900,225177
2021-10-13,2.4400,2.4676,2.3900,2.4200,195845
2021-10-12,2.5400,2.5600,2.4100,2.4300,224915
2021-10-11,2.3700,2.5200,2.3600,2.5200,402379
2021-10-08,2.4200,2.4600,2.3300,2.3700,542033
2021-10-07,2.5400,2.5500,2.3700,2.3800,642515
2021-10-06,2.6500,2.6500,2.5000,2.5100,437803
2021-10-05,2.8000,2.8000,2.3900,2.6600,1572618
2021-10-04,2.9800,2.9865,2.7700,2.7800,572249
2021-10-01,2.9500,2.9700,2.8601,2.9500,492080
2021-09-30,2.9374,3.0000,2.8700,3.0000,345650
2021-09-29,2.9500,2.9700,2.9200,2.9300,341392
2021-09-28,3.0000,3.0400,2.9235,2.9400,716990
2021-09-27,2.9500,3.0500,2.9020,3.0400,265973
2021-09-24,2.9700,2.9900,2.9300,2.9400,289462
2021-09-23,3.0000,3.0400,2.9200,2.9800,407554
2021-09-22,2.9700,3.0277,2.9200,2.9800,240359
2021-09-21,2.9200,3.0200,2.8601,2.9500,257532
2021-09-20,3.0100,3.0690,2.9000,2.9100,314879
2021-09-17,3.0000,3.1600,2.9100,3.0300,745591
2021-09-16,2.9596,3.0063,2.8450,2.9700,336975
2021-09-15,3.0200,3.0200,2.9000,2.9100,309794
2021-09-14,3.1200,3.2000,2.9600,3.0000,911194
2021-09-13,3.2600,3.2800,3.1400,3.2400,261018
2021-09-10,3.2600,3.2844,3.1600,3.1900,286281
2021-09-09,3.2700,3.3400,3.1900,3.2200,286460
2021-09-08,3.3485,3.4072,3.1700,3.2800,418350
2021-09-07,3.3200,3.4877,3.3000,3.3400,476790
2021-09-03,3.3700,3.3800,3.2500,3.2900,262605
2021-09-02,3.4100,3.5124,3.3600,3.3800,238793
2021-09-01,3.2000,3.4700,3.1600,3.3900,1076911
2021-08-31,3.2000,3.2400,3.1800,3.2000,244150
2021-08-30,3.2000,3.2400,3.1800,3.1900,277386
2021-08-27,3.2000,3.2300,3.1600,3.2000,287357
2021-08-26,3.2800,3.3000,3.1500,3.1800,332084
2021-08-25,3.2400,3.4000,3.2400,3.2700,289971
2021-08-24,3.1900,3.2500,3.1786,3.2300,222695
2021-08-23,3.1900,3.2300,3.1800,3.2000,279390
2021-08-20,3.1000,3.2500,3.1000,3.1600,239865
2021-08-19,3.2200,3.2300,3.1200,3.1600,337824
2021-08-18,3.2500,3.3050,3.2200,3.2500,262457
2021-08-17,3.2500,3.2500,3.1000,3.2200,374559
2021-08-16,3.4400,3.4400,3.3000,3.3100,211785
2021-08-13,3.6100,3.6300,3.4500,3.4800,285114
2021-08-12,3.6500,3.6800,3.5600,3.6400,286159
2021-08-11,3.7400,3.7550,3.6100,3.6800,251185
2021-08-10,3.8000,3.8400,3.7200,3.7400,262691
2021-08-09,3.6900,3.8200,3.6900,3.8200,462666
2021-08-06,3.7677,3.7710,3.6900,3.7000,342750
2021-08-05,3.7800,3.7899,3.7200,3.7500,216160
2021-08-04,3.7200,3.8000,3.6800,3.7300,323519
2021-08-03,3.7500,3.7794,3.6790,3.7300,290016
2021-08-02,3.6900,3.8100,3.6459,3.7500,384654
2021-07-30,3.8300,3.8300,3.6100,3.6400,425120
2021-07-29,3.9700,3.9800,3.8000,3.8400,317261
2021-07-28,3.7600,3.9493,3.6950,3.8900,254834
2021-07-27,3.7900,3.8300,3.5800,3.8200,584158
2021-07-26,3.8700,3.8700,3.7000,3.8200,351745
2021-07-23,3.9100,3.9800,3.8000,3.8700,245034
2021-07-22,4.0400,4.0407,3.8500,3.8500,235627
2021-07-21,3.9400,4.0200,3.8900,3.9900,286370
2021-07-20,3.9000,4.0050,3.8699,3.9500,326679
2021-07-19,3.7200,3.9500,3.6800,3.9300,295328
2021-07-16,3.9300,4.0100,3.8300,3.8500,279861
2021-07-15,3.8600,3.8950,3.7600,3.8900,262140
2021-07-14,4.1300,4.2100,3.9007,3.9200,451490
2021-07-13,4.4000,4.4000,4.1000,4.1200,348233
2021-07-12,4.4700,4.4909,4.3400,4.4100,231621
2021-07-09,4.4800,4.5200,4.3316,4.4900,229797
2021-07-08,4.1500,4.4600,4.0700,4.4100,441737
2021-07-07,4.4800,4.5500,4.2100,4.2400,932294
2021-07-06,4.8900,4.9700,4.4000,4.4100,1378459
2021-07-02,4.4726,4.5400,4.3300,4.4700,306863
2021-07-01,4.6900,4.6900,4.4100,4.5000,407255
2021-06-30,4.6400,4.7200,4.5300,4.6400,404308
2021-06-29,4.4900,4.6685,4.4500,4.6500,699075
2021-06-28,4.8609,4.8700,4.4150,4.4700,1310606
2021-06-25,4.1800,4.4000,4.1800,4.3400,4842661
2021-06-24,4.3700,4.4600,4.1300,4.1800,451294
2021-06-23,4.1500,4.3900,4.1100,4.3700,520180
2021-06-22,4.2400,4.2400,4.0200,4.1500,398953
2021-06-21,4.1800,4.2750,4.0500,4.2500,464399
2021-06-18,4.1692,4.2300,4.1100,4.1800,606570
2021-06-17,4.2600,4.3000,4.1075,4.1900,500756
2021-06-16,4.4600,4.4700,4.2100,4.3200,426225
2021-06-15,4.7200,4.7528,4.4500,4.4600,409190
2021-06-14,4.7500,4.8400,4.6500,4.7100,562734
2021-06-11,4.7000,4.8300,4.6100,4.7200,327127
2021-06-10,4.6100,4.7880,4.6000,4.7000,427328
2021-06-09,4.7500,4.7719,4.5600,4.6000,418902
2021-06-08,4.9627,5.0499,4.5100,4.7200,646707
2021-06-07,4.7700,5.0850,4.7200,4.7900,1500148
2021-06-04,4.6500,4.6800,4.5600,4.5600,257340
2021-06-03,4.5500,4.7400,4.4895,4.6300,250578
2021-06-02,4.7000,4.7680,4.5750,4.6200,500703
2021-06-01,4.4800,4.7400,4.4700,4.6900,314315
2021-05-28,4.7100,4.7900,4.4600,4.4800,388423
2021-05-27,4.8000,4.8100,4.6200,4.6600,324098
2021-05-26,4.4300,4.7650,4.3913,4.7500,321963
2021-05-25,4.5400,4.5400,4.3100,4.3700,475627
2021-05-24,4.4400,4.4800,4.2800,4.4600,345464
2021-05-21,4.4200,4.4800,4.3300,4.3800,233783
2021-05-20,4.2759,4.5000,4.1500,4.3900,372038
2021-05-19,4.3400,4.4700,4.1900,4.2600,415111
2021-05-18,4.3900,4.5800,4.3100,4.4200,498561
2021-05-17,4.1800,4.5100,4.1500,4.3900,395845
2021-05-14,4.2800,4.3350,4.1600,4.2000,481408
2021-05-13,4.4200,4.6100,4.2200,4.2600,438963
2021-05-12,4.3700,4.6397,4.3100,4.4100,312977
2021-05-11,4.3200,4.5498,4.2180,4.4200,352514
2021-05-10,4.6300,4.6600,4.3400,4.4300,595207
2021-05-07,4.5200,4.7200,4.5101,4.6300,468111
2021-05-06,5.0400,5.0455,4.3801,4.5000,448922
2021-05-05,4.6600,5.0700,4.6100,4.9700,550271
2021-05-04,4.8500,4.8800,4.3700,4.5600,682912
2021-05-03,5.0600,5.1000,4.8100,4.8700,441544
2021-04-30,5.0500,5.1300,4.9200,4.9700,387069
2021-04-29,5.2400,5.2400,5.0200,5.1000,263256
2021-04-28,5.1500,5.3000,4.9310,5.2300,355416
2021-04-27,5.1200,5.2600,5.0700,5.1700,279425
2021-04-26,5.0300,5.2700,4.9634,5.1900,412759
2021-04-23,5.2000,5.2000,4.9800,5.0000,539881
2021-04-22,5.1516,5.3300,5.0397,5.1700,429051
2021-04-21,4.8600,5.1600,4.8000,5.0300,422545
2021-04-20,5.1500,5.1900,4.7300,4.9100,552124
2021-04-19,5.3000,5.4000,5.1501,5.1900,334637
2021-04-16,5.6100,5.6300,5.2300,5.3400,459476
2021-04-15,5.6300,5.6800,5.3800,5.5600,394705
2021-04-14,5.5400,5.7699,5.5000,5.6100,364113
2021-04-13,5.6000,5.6600,5.3200,5.4700,396913
2021-04-12,5.8800,5.8800,5.5100,5.6000,417725
2021-04-09,5.9000,6.0300,5.8000,5.8300,228784
2021-04-08,5.8600,6.0500,5.7000,5.8900,316872
2021-04-07,6.0100,6.0300,5.8000,5.8200,261614
2021-04-06,6.1436,6.2000,5.9800,6.0300,219991
2021-04-05,6.5300,6.5400,6.1079,6.1900,333293
2021-04-01,6.0900,6.3400,6.0100,6.3000,340051
2021-03-31,5.7300,6.0500,5.7300,6.0000,396531
2021-03-30,5.5000,5.8500,5.4200,5.7400,430679
2021-03-29,6.0000,6.0400,5.5500,5.5500,484071
2021-03-26,6.4200,6.4500,5.9500,6.0800,319914
2021-03-25,6.0100,6.3300,5.9500,6.3200,438090
2021-03-24,6.5800,6.8000,6.1600,6.1700,582727
2021-03-23,6.6500,6.8300,6.2500,6.3000,390758
2021-03-22,7.0600,7.1300,6.7850,6.8300,318832
2021-03-19,6.6800,7.0700,6.5400,7.0300,565348
2021-03-18,6.8700,7.0600,6.6200,6.6500,394332
2021-03-17,6.6800,7.0000,6.6200,6.9700,203011
2021-03-16,7.0800,7.2500,6.6990,6.8400,387688
2021-03-15,7.0700,7.2800,6.9001,7.0700,349555
2021-03-12,7.3500,7.4400,6.8700,7.0100,673706
2021-03-11,7.0100,7.6000,6.9191,7.2400,568830
2021-03-10,6.8500,6.9900,6.6400,6.8600,370491
2021-03-09,6.3900,6.8700,6.3500,6.6900,446911
2021-03-08,6.3300,6.4500,6.1300,6.2100,518488
2021-03-05,6.7000,6.7480,5.4200,6.1300,1274503
2021-03-04,7.1391,7.3100,6.5200,6.7300,843440
2021-03-03,7.4100,7.5600,7.1100,7.2000,433342
2021-03-02,7.6300,7.6977,7.2200,7.3500,540144
2021-03-01,7.0600,7.6700,7.0100,7.6100,881164
2021-02-26,6.6000,6.9800,6.4600,6.8100,621910
2021-02-25,7.1100,7.2423,6.7000,6.7800,625947
2021-02-24,7.1700,7.4200,7.0001,7.2000,584559
2021-02-23,7.4100,7.4400,6.5200,6.9800,1068235
2021-02-22,7.7600,8.0900,7.6200,7.7400,763329
2021-02-19,7.5900,7.9200,7.4200,7.7300,621565
2021-02-18,7.7700,7.8165,7.4000,7.4100,648943
2021-02-17,8.2000,8.2000,7.4000,7.8500,1213205
2021-02-16,8.3500,8.6900,7.9100,8.4200,1410268
2021-02-12,8.2100,8.5500,7.8100,8.2100,723025
2021-02-11,8.8100,8.9708,7.9002,8.2800,1105704
2021-02-10,9.7000,9.7800,8.3000,8.7400,1984370
2021-02-09,8.2500,9.4999,8.2126,9.4200,2331132
2021-02-08,8.0974,8.1200,7.3300,8.0300,2226082
2021-02-05,6.8300,7.6200,6.7000,7.5100,1391796
2021-02-04,6.6300,6.9100,6.5100,6.6800,789325
2021-02-03,6.5900,6.6800,6.4500,6.6000,622589
2021-02-02,6.6600,6.6900,6.2600,6.5100,550977
2021-02-01,6.2700,6.4897,6.1000,6.4600,860790
2021-01-29,5.9500,6.1700,5.8200,5.9750,657223
2021-01-28,6.0700,6.1990,5.8200,5.9400,534304
2021-01-27,6.0000,6.2800,5.7600,6.0100,909223
2021-01-26,6.7300,6.7300,6.0800,6.1400,1120088
2021-01-25,6.8000,6.8500,6.4500,6.7300,873856
2021-01-22,6.8000,6.8550,6.6000,6.8100,609778
2021-01-21,6.7200,6.8900,6.7100,6.8300,642609
2021-01-20,7.2000,7.2000,6.4250,6.7100,1061282
2021-01-19,7.4400,7.4400,6.8201,7.0100,1270673
2021-01-15,7.2800,7.3900,6.8100,6.9200,1180758
2021-01-14,6.6200,7.2800,6.4600,7.1300,1411631
2021-01-13,6.4000,6.6500,6.3500,6.4700,1063937
2021-01-12,6.0500,6.3500,6.0500,6.3300,899317
2021-01-11,6.0900,6.3150,5.8800,6.0100,979549
2021-01-08,6.0000,6.1900,5.8001,6.0000,663253
2021-01-07,5.9400,6.2800,5.8000,5.9000,823183
2021-01-06,5.5550,5.9700,5.5100,5.8500,939402
2021-01-05,5.7800,5.8150,5.4760,5.5100,534386
2021-01-04,5.4500,5.8100,5.2700,5.6900,1382821
2020-12-31,5.4500,5.4500,5.1800,5.2400,620580
2020-12-30,5.2300,5.5400,5.2000,5.3500,727876
2020-12-29,5.8100,5.9000,5.0800,5.1400,852292
2020-12-28,5.7800,6.0770,5.6600,5.6700,1059877
2020-12-24,5.6600,5.6900,5.5100,5.5700,176025
2020-12-23,5.7200,5.7500,5.4800,5.5900,652977
2020-12-22,5.4800,5.8900,5.3600,5.6200,1271067
2020-12-21,5.3000,5.4200,5.1900,5.3000,1591791
2020-12-18,5.3700,5.5300,5.2746,5.3800,867094
2020-12-17,5.7800,5.8100,5.3300,5.4100,1287206
2020-12-16,6.0500,6.0950,5.6500,5.6900,687593
2020-12-15,6.1400,6.1450,5.8100,5.9500,862647
2020-12-14,6.2500,6.4000,5.9000,5.9400,842121
2020-12-11,6.0900,6.1900,5.9100,6.1800,575484
2020-12-10,6.1500,6.3001,6.0200,6.1200,627997
2020-12-09,6.3000,6.5700,6.0700,6.1500,1116359
2020-12-08,6.1000,6.3399,6.0900,6.2600,528851
2020-12-07,6.0000,6.5000,5.9100,6.1800,869606
2020-12-04,6.1200,6.1800,5.7600,6.0100,905323
2020-12-03,6.2300,6.3550,5.9000,6.0400,1291713
2020-12-02,5.8066,6.1900,5.5300,6.1600,973535
2020-12-01,6.3000,6.4500,5.6700,5.9300,1163109
2020-11-30,6.5000,6.7200,5.8600,6.0300,1365056
2020-11-27,5.7400,6.5500,5.7400,6.3600,1105043
2020-11-25,5.1226,5.6600,5.1226,5.6500,603222
2020-11-24,5.4000,5.7300,5.1200,5.2700,787734
2020-11-23,5.0100,5.4317,4.9700,5.3100,1050772
2020-11-20,4.7600,4.9700,4.6800,4.9600,479420
2020-11-19,4.6600,4.7800,4.6200,4.7300,355308
2020-11-18,4.7100,4.8500,4.6300,4.6500,391292
2020-11-17,4.7900,4.8200,4.5912,4.7100,414148
2020-11-16,4.6600,4.8000,4.6600,4.7800,343494
2020-11-13,4.7600,4.8200,4.6050,4.6600,317248
2020-11-12,4.5700,4.7888,4.5400,4.7300,534501
2020-11-11,4.5900,4.6200,4.4488,4.5700,417811
2020-11-10,4.3700,4.7100,4.3400,4.5300,804559
2020-11-09,4.2000,4.4200,4.2000,4.3100,635654
2020-11-06,4.2600,4.3300,4.1400,4.2100,364129
2020-11-05,4.2500,4.4200,4.0600,4.2400,909582
2020-11-04,4.1000,4.3450,4.0800,4.2500,576483
2020-11-03,4.0900,4.0900,3.8800,4.0600,631445
2020-11-02,3.9600,4.0400,3.8900,4.0300,408981
2020-10-30,4.2300,4.2500,3.8000,3.8700,746021
2020-10-29,4.0000,4.2300,3.9000,4.2300,741044
2020-10-28,3.9700,4.0400,3.8200,3.9800,457718
2020-10-27,4.1500,4.1500,3.9850,4.0100,370358
2020-10-26,4.2400,4.4300,4.0400,4.1200,935970
2020-10-23,4.0000,4.2200,3.9500,4.2100,773342
2020-10-22,3.8700,3.9900,3.8500,3.9700,502071
2020-10-21,3.8300,3.9600,3.7700,3.8800,611098
2020-10-20,4.0100,4.1000,3.8200,3.8300,640103
2020-10-19,4.0523,4.1302,3.9100,3.9700,606271
2020-10-16,4.0700,4.2700,3.9842,4.0600,690005
2020-10-15,3.8500,4.0900,3.8500,4.0800,572077
2020-10-14,3.9700,4.0700,3.8800,3.9100,557799
2020-10-13,4.0600,4.1000,3.8320,3.9700,564770
2020-10-12,3.8700,4.1500,3.8100,4.0300,1194232
2020-10-09,3.9000,4.1500,3.7650,3.7800,914745
2020-10-08,3.8600,3.9081,3.8300,3.8500,381433
2020-10-07,3.7000,3.9000,3.5701,3.8200,843199
2020-10-06,3.6100,3.7800,3.5700,3.5900,792339
2020-10-05,3.5100,3.6300,3.5000,3.5800,646572
2020-10-02,3.3300,3.5400,3.3100,3.5000,554104
2020-10-01,3.4600,3.5500,3.4000,3.4200,492734
2020-09-30,3.3600,3.6000,3.3600,3.4600,677068
2020-09-29,3.4700,3.4859,3.3500,3.4400,465068
2020-09-28,3.5800,3.6459,3.4300,3.4700,505246
2020-09-25,3.4400,3.5800,3.3400,3.5400,446993
2020-09-24,3.4100,3.4800,3.2800,3.4500,543073
2020-09-23,3.5900,3.6900,3.4500,3.4700,645487
2020-09-22,3.6200,3.6809,3.4210,3.5700,607709
2020-09-21,3.8400,3.8700,3.5000,3.6300,1021953
2020-09-18,3.6900,4.1000,3.6500,3.8400,2349716
2020-09-17,3.5900,3.6700,3.4500,3.6600,826466
2020-09-16,3.5700,3.6900,3.3550,3.6500,1504137
2020-09-15,3.3000,3.7400,3.1600,3.5300,3344634
2020-09-14,2.9700,3.1500,2.9581,3.1150,774851
2020-09-11,3.0300,3.0600,2.8700,2.9400,803639
2020-09-10,3.2000,3.2200,2.9600,3.0200,1166688
2020-09-09,3.0900,3.2200,3.0600,3.1600,812706
2020-09-08,3.0000,3.1500,2.8700,3.0850,891281
2020-09-04,2.9560,3.1300,2.8400,3.0300,1340229
2020-09-03,3.0800,3.1000,2.8800,2.9400,1501889
2020-09-02,3.0000,3.1100,2.9700,3.0900,867670
2020-09-01,3.1400,3.1689,2.9700,3.0100,1287504
2020-08-31,3.0100,3.1700,2.9100,3.1400,1238546
2020-08-28,3.0700,3.1700,3.0200,3.0200,1059612
2020-08-27,3.1500,3.2199,3.0200,3.1100,977229
2020-08-26,3.1600,3.2300,3.1100,3.1400,821648
2020-08-25,3.1300,3.3200,3.0312,3.1700,2241941
2020-08-24,2.9700,3.2900,2.7200,3.1900,5051624
2020-08-21,3.0200,3.0800,2.9300,2.9800,2049317
2020-08-20,3.1800,3.1900,2.8701,3.0200,3775172
2020-08-19,3.3400,3.3900,3.0850,3.1950,4840641
2020-08-18,3.8800,3.9700,3.1500,3.2600,11795299
2020-08-17,5.1600,5.2500,4.0500,4.1500,23236728
2020-08-14,11.8000,12.4600,11.5300,12.4300,687356
2020-08-13,11.9800,12.4100,10.9100,11.7200,840172
2020-08-12,11.9500,12.1564,11.2100,11.7700,567943
2020-08-11,12.2000,12.2900,11.3100,11.7800,1417713
2020-08-10,10.6900,15.4400,10.6000,11.9800,7257405
2020-08-07,10.7500,10.8400,10.1700,10.4300,472621
2020-08-06,10.7000,11.2100,10.3511,10.6600,858142
2020-08-05,10.4700,10.9400,10.1500,10.5050,531871
2020-08-04,10.0800,10.4000,9.8200,10.2300,473586
2020-08-03,9.5600,10.1800,9.5600,9.9600,512712
2020-07-31,9.8300,10.1381,9.2401,9.4300,822384
2020-07-30,9.1000,9.6300,9.0000,9.5500,278506
2020-07-29,9.2300,9.4200,8.9800,9.2400,281541
2020-07-28,9.5000,9.5800,8.9800,9.2300,1155243
2020-07-27,8.3000,8.8700,8.2800,8.8200,368987
2020-07-24,8.4700,8.4738,8.1800,8.2400,191150
2020-07-23,8.6800,8.7760,8.4300,8.4700,265028
2020-07-22,9.0800,9.2047,8.6100,8.6400,273646
2020-07-21,9.3000,9.6200,8.7200,8.9400,611793
2020-07-20,9.0500,9.4400,8.9300,9.1000,529026
2020-07-17,8.8700,9.1280,8.8100,8.8600,511484
2020-07-16,8.7600,9.0800,8.6000,8.7800,569868
2020-07-15,7.9000,8.2500,7.8240,8.0700,328803
2020-07-14,7.4100,7.7300,7.2500,7.7000,357189
2020-07-13,7.6600,7.8500,7.3800,7.3900,286865
2020-07-10,7.8800,7.8800,7.5500,7.6000,291665
2020-07-09,8.1200,8.2900,7.8100,7.8800,253434
2020-07-08,8.0900,8.1900,7.7400,8.1000,418657
2020-07-07,8.7900,8.9000,7.9800,8.1000,417181
2020-07-06,9.0100,9.3400,8.7900,8.8700,340304
2020-07-02,8.4600,8.9600,8.3600,8.9600,302969
2020-07-01,8.6900,8.7760,8.3500,8.3600,139151
2020-06-30,8.6700,8.9100,8.5800,8.6800,188833
2020-06-29,8.4800,9.0550,8.3307,8.6700,325524
2020-06-26,9.1100,9.1100,8.4100,8.5000,1242729
2020-06-25,9.2800,9.4700,8.9300,9.1300,229927
2020-06-24,9.0900,9.4400,8.8600,9.2800,313268
2020-06-23,9.4600,9.7000,9.1300,9.2100,397622
2020-06-22,9.5000,9.5440,9.0670,9.4800,489603
2020-06-19,9.4300,9.8000,9.0400,9.6700,1011741
2020-06-18,8.5900,9.4800,8.5900,9.1400,944110
2020-06-17,8.7700,8.9200,8.5000,8.6300,281228
2020-06-16,8.4500,8.9700,8.4000,8.7300,512217
2020-06-15,8.2700,8.4300,8.1000,8.2700,428183
2020-06-12,8.8800,8.9150,8.1800,8.4400,319217
2020-06-11,8.8000,8.9500,8.5000,8.7000,344364
2020-06-10,8.8300,9.0800,8.7600,8.8800,519698
2020-06-09,8.3400,8.8700,8.2800,8.5900,308073
2020-06-08,8.1100,8.5780,7.9890,8.3200,369342
2020-06-05,8.8600,9.1600,7.9300,8.0300,536593
2020-06-04,8.5300,9.1000,8.5300,8.7400,277157
2020-06-03,9.5300,9.5600,8.6200,8.7400,511646
2020-06-02,10.1600,10.3800,8.8800,9.4900,867977
2020-06-01,8.5600,9.6620,8.4000,9.3800,952078
2020-05-29,8.1800,8.3900,7.9100,8.1800,366333
2020-05-28,7.8100,8.4100,7.7500,7.8500,415829
2020-05-27,8.0100,8.0350,7.4000,7.6600,192041
2020-05-26,7.6700,8.0900,7.5000,7.7900,297223
2020-05-22,7.1500,7.7500,7.0400,7.3400,312605
2020-05-21,7.0200,7.1900,6.8000,7.1300,120289
2020-05-20,6.8100,7.2500,6.6900,7.1000,171023
2020-05-19,6.7900,6.9600,6.6300,6.6600,180106
2020-05-18,7.2500,7.3900,6.6600,6.7200,248725
2020-05-15,6.6000,7.1900,6.3500,7.0700,477047
2020-05-14,6.5400,6.7200,6.3300,6.5100,117361
2020-05-13,6.9000,7.0600,6.3000,6.6800,202829
2020-05-12,7.3900,7.4400,6.9100,6.9100,183462
2020-05-11,7.2700,7.3500,6.8800,7.2000,225413
2020-05-08,6.8900,7.1600,6.5900,7.0000,223696
2020-05-07,6.8100,7.0000,6.4000,6.7900,377721
2020-05-06,6.3100,6.7500,6.2700,6.6200,94756
2020-05-05,6.4500,6.8700,6.1500,6.3100,226564
2020-05-04,6.4600,6.5850,6.1900,6.2700,115192
2020-05-01,6.4100,6.5800,6.1300,6.4500,142822
2020-04-30,6.8800,6.9900,6.4600,6.4900,98077
2020-04-29,6.9700,7.0800,6.7200,6.9300,144304
2020-04-28,6.9000,7.2000,6.6270,6.7100,129641
2020-04-27,7.0000,7.2500,6.6700,6.7400,290440
2020-04-24,6.5100,6.9800,6.4600,6.8600,91855
2020-04-23,6.6300,6.7400,6.4000,6.5200,82154
2020-04-22,6.4500,6.7700,6.2770,6.6600,96346
2020-04-21,6.5200,6.6600,6.2100,6.4200,58076
2020-04-20,6.4300,6.7800,6.4300,6.7000,107458
2020-04-17,6.3200,6.6400,6.3070,6.4000,133049
2020-04-16,6.1900,6.4100,6.0200,6.1700,71039
2020-04-15,6.4100,6.4400,5.9710,6.1600,130845
2020-04-14,6.4500,6.7000,6.2600,6.5200,137848
2020-04-13,6.3100,6.6300,6.0800,6.3100,146277
2020-04-09,6.2400,6.6700,6.0600,6.3600,180333
2020-04-08,5.8800,6.2300,5.7800,6.1500,133435
2020-04-07,5.8300,5.8900,5.6600,5.7100,154283
2020-04-06,5.7200,5.9000,5.6900,5.8000,137687
2020-04-03,5.8000,5.9400,5.4100,5.5100,153888
2020-04-02,5.2000,5.8900,5.2000,5.8200,244324
2020-04-01,5.7700,5.9400,5.2000,5.2800,276576
2020-03-31,5.8000,6.0000,5.5900,5.8000,213668
2020-03-30,5.8000,5.9900,5.6500,5.9500,170712
2020-03-27,5.5700,5.9900,5.4100,5.7500,297866
2020-03-26,5.7400,6.2600,5.6800,5.7400,303125
2020-03-25,5.6300,6.0600,5.3290,5.7100,348976
2020-03-24,5.7100,5.9500,5.4500,5.6300,342845
2020-03-23,5.3000,5.7200,5.2480,5.5500,222498
2020-03-20,5.0800,5.6000,4.9400,5.1900,388016
2020-03-19,5.0200,5.4700,4.9500,5.1300,296151
2020-03-18,5.2500,5.5550,4.9200,5.0900,368411
2020-03-17,5.0000,5.6500,4.9100,5.5300,221500
2020-03-16,5.0400,5.1500,4.9000,5.0000,436206
2020-03-13,5.1800,5.7400,4.6200,5.5000,535774
2020-03-12,5.2300,5.7200,4.8900,5.0400,352856
2020-03-11,5.4100,5.5400,5.1700,5.3900,469413
2020-03-10,5.3700,5.5400,5.2100,5.5100,222310
2020-03-09,5.5100,5.6400,5.0000,5.2200,367896
2020-03-06,6.0000,6.1000,5.7010,5.8100,700741
2020-03-05,5.9000,6.1630,5.9000,6.1200,185888
2020-03-04,5.9200,6.0200,5.7500,6.0100,172017
2020-03-03,6.1700,6.2400,5.6700,5.8100,304665
2020-03-02,6.0500,6.2300,5.9100,6.1800,154837
2020-02-28,6.0800,6.3800,5.8300,6.0100,461219
2020-02-27,6.2200,6.6300,6.0500,6.2300,167121
2020-02-26,6.3500,6.6540,6.1700,6.3300,162993
2020-02-25,6.9400,6.9800,6.1300,6.2900,190370
2020-02-24,6.7600,6.7600,6.3000,6.4000,205078
2020-02-21,6.7900,6.8960,6.4500,6.8150,106191
2020-02-20,6.3800,6.9800,6.3800,6.7700,164363
2020-02-19,6.3600,6.6400,6.3300,6.3800,105881
2020-02-18,6.0800,6.3800,6.0800,6.3400,90259
2020-02-14,6.2000,6.3600,6.0390,6.0600,101152
2020-02-13,6.2300,6.3100,6.0500,6.2700,95432
2020-02-12,6.5000,6.6000,6.1900,6.2100,112692
2020-02-11,6.5000,6.7100,6.4100,6.4300,93511
2020-02-10,6.3800,6.5650,6.3350,6.4800,90017
2020-02-07,6.4600,6.6100,6.3000,6.3800,112264
2020-02-06,6.5500,6.6700,6.3800,6.4700,87325
2020-02-05,6.5800,6.9000,6.5500,6.6000,172723
2020-02-04,6.7000,6.7040,6.3100,6.5100,238486
2020-02-03,6.4100,7.0300,6.2600,6.5000,473362
2020-01-31,6.0500,6.0500,5.7800,5.9000,184461
2020-01-30,6.2300,6.3200,5.8949,6.0900,138305
2020-01-29,6.4300,6.5100,6.2500,6.2650,123312
2020-01-28,6.8200,6.9420,6.3700,6.4000,202238
2020-01-27,6.8500,6.9700,6.6700,6.7500,167852
2020-01-24,7.0000,7.1000,6.8500,6.9100,130115
2020-01-23,6.9500,7.1300,6.8500,6.9600,121241
2020-01-22,7.4000,7.4600,6.9300,7.0600,222432
2020-01-21,7.3900,7.5200,7.2900,7.3800,117014
2020-01-17,7.6800,7.8900,7.2000,7.3900,244910
2020-01-16,7.2800,7.6600,7.2300,7.6000,201325
2020-01-15,7.1900,7.3400,7.0800,7.2600,97093
2020-01-14,7.0100,7.3400,6.9000,7.1400,160054
2020-01-13,7.2200,7.2760,6.9100,7.0100,149412
2020-01-10,7.3700,7.5600,7.1600,7.2100,219984
2020-01-09,7.2500,7.4960,7.1700,7.3500,103421
2020-01-08,7.1300,7.3000,6.9600,7.2400,155719
2020-01-07,7.2700,7.3200,7.1200,7.1500,178302
2020-01-06,7.0000,7.3200,6.9200,7.3100,154217
2020-01-03,7.0200,7.2800,6.8500,7.1000,252999
2020-01-02,7.2000,7.2520,7.0000,7.1200,197755
2019-12-31,7.6500,7.6600,7.1200,7.2100,275896
2019-12-30,7.1800,7.6100,7.1000,7.5500,344685
2019-12-27,7.2500,7.3500,7.0500,7.1700,165847
2019-12-26,7.4300,7.6500,7.2300,7.2500,122718
2019-12-24,7.4500,7.4500,7.2000,7.3700,101539
2019-12-23,7.3000,7.6000,7.2900,7.4500,254809
2019-12-20,8.0500,8.0600,7.1600,7.2700,652875
2019-12-19,8.3300,8.4670,8.0000,8.0700,169956
2019-12-18,8.3400,8.4200,8.2100,8.3400,140237
2019-12-17,8.4000,8.4000,8.1800,8.3000,125623
2019-12-16,8.3500,8.5300,8.1500,8.3800,200312
2019-12-13,8.3500,8.8200,8.1400,8.3600,212276
2019-12-12,7.7600,8.6000,7.7500,8.3100,335774
2019-12-11,8.0200,8.0200,7.4100,7.7200,358587
2019-12-10,7.4400,8.3000,7.4000,8.0700,387428
2019-12-09,7.2000,7.6100,7.1900,7.4400,234065
2019-12-06,7.0900,7.2400,6.8200,7.1900,219217
2019-12-05,7.4300,7.5800,7.0000,7.0700,184875
2019-12-04,7.4300,7.8600,7.3600,7.4300,322220
2019-12-03,7.2400,7.8600,7.2100,7.3650,243333
2019-12-02,7.8000,7.9000,7.1700,7.4000,426322
2019-11-29,7.3000,8.1600,7.3000,7.7200,317099
2019-11-27,7.3450,7.5800,7.1700,7.3000,161542
2019-11-26,6.8150,7.4000,6.8000,7.2700,363997
2019-11-25,6.8400,7.1300,6.7200,6.9000,211354
2019-11-22,6.8500,6.9800,6.7200,6.8500,263663
2019-11-21,6.9600,7.0700,6.7600,6.8300,161519
2019-11-20,6.7400,7.2400,6.7200,6.9300,319017
2019-11-19,6.5400,6.9600,6.4700,6.7500,142312
2019-11-18,6.5500,6.5500,6.2350,6.4800,125583
2019-11-15,6.3400,6.7650,6.2800,6.5400,129174
2019-11-14,6.5300,6.6100,6.2100,6.3200,165833
2019-11-13,6.6500,6.7700,6.4500,6.5600,128763
2019-11-12,7.0000,7.1900,6.6100,6.7600,202804
2019-11-11,7.7000,8.0000,6.9400,6.9950,226535
2019-11-08,7.1500,7.6900,7.1100,7.6100,256576
2019-11-07,6.8800,8.2400,6.8800,7.2500,492328
2019-11-06,7.0900,7.1700,6.7880,6.8000,236924
2019-11-05,7.1900,7.4900,6.9800,7.0700,190183
2019-11-04,6.8400,7.3100,6.8400,7.1600,229870
2019-11-01,6.2800,6.9500,6.2800,6.7300,260398
2019-10-31,6.4500,6.5900,6.0800,6.2400,124006
2019-10-30,6.4500,6.5000,6.2340,6.4700,94573
2019-10-29,6.5200,6.6600,6.3200,6.5000,107108
2019-10-28,7.0100,7.0710,6.4900,6.5200,196856
2019-10-25,6.5700,7.1800,6.5700,6.8800,201752
2019-10-24,6.8700,6.9300,6.4100,6.5700,103918
2019-10-23,6.7600,6.9300,6.5800,6.8400,148405
2019-10-22,7.1000,7.2700,6.6300,6.7200,237185
2019-10-21,7.1400,7.2800,6.9500,7.0200,171924
2019-10-18,7.0700,7.1500,6.7800,7.0200,167839
2019-10-17,7.2900,7.4540,6.9500,7.0600,122799
2019-10-16,6.9100,7.4610,6.9060,7.2300,428766
2019-10-15,6.5000,6.8900,6.4600,6.8500,2746041
2019-10-14,6.5500,6.8650,6.4500,6.4800,206759
2019-10-11,6.7000,7.0800,6.4700,6.5300,274221
2019-10-10,6.4200,6.8000,6.4200,6.5700,119588
2019-10-09,6.4000,6.6400,6.2900,6.4100,113232
2019-10-08,6.3800,6.5600,6.1500,6.3300,233111
2019-10-07,6.5700,6.9300,6.4200,6.4400,286237
2019-10-04,6.6800,6.8200,6.3800,6.5700,132866
2019-10-03,6.1200,7.0000,6.1200,6.6100,308384
2019-10-02,5.9700,6.2200,5.7300,6.1100,203862
2019-10-01,6.1300,6.2400,5.9400,5.9900,214492
2019-09-30,6.2300,6.4200,5.9700,6.1000,207804
2019-09-27,6.2000,6.3800,6.1700,6.2300,163193
2019-09-26,6.2000,6.2800,6.0000,6.1800,109091
2019-09-25,6.2200,6.3700,6.0000,6.2300,125382
2019-09-24,6.8300,6.8400,6.1600,6.2200,224823
2019-09-23,6.7900,6.9300,6.5600,6.7800,293945
2019-09-20,6.9600,7.3000,6.9000,6.9000,1017101
2019-09-19,7.0400,7.2400,6.9300,6.9700,765914
2019-09-18,7.0700,7.2000,6.8500,6.9900,380963
2019-09-17,7.4400,7.4700,7.1500,7.1800,322199
2019-09-16,7.9700,8.2900,7.3400,7.4500,465307
2019-09-13,8.1400,8.3900,7.6300,7.9600,749386
2019-09-12,7.9600,8.2600,7.6600,8.0800,224107
2019-09-11,7.6400,8.1000,7.6200,7.8400,221433
2019-09-10,7.1800,7.9100,7.1400,7.5900,281355
2019-09-09,6.7700,7.4200,6.4700,7.1900,202603
2019-09-06,6.4100,7.0600,6.3560,6.7300,240167
2019-09-05,6.1900,6.5500,6.0600,6.3900,366165
2019-09-04,6.0600,6.3200,6.0200,6.1800,137232
2019-09-03,6.1500,6.2700,5.7700,5.9900,168218
2019-08-30,6.0000,6.1300,5.7900,6.1000,79550
2019-08-29,5.9300,6.0100,5.7600,6.0000,68622
2019-08-28,5.6100,6.0300,5.6100,5.8900,100441
2019-08-27,5.8900,6.0000,5.6200,5.6200,118059
2019-08-26,5.9600,6.0000,5.6500,5.8400,215974
2019-08-23,6.0300,6.2110,5.8900,5.9500,242394
2019-08-22,6.2200,6.3590,5.9600,6.0400,396183
2019-08-21,6.1500,6.3000,6.1280,6.2000,77916
2019-08-20,6.0800,6.1450,6.0000,6.0800,151554
2019-08-19,6.2400,6.3000,5.9400,6.1200,141574
2019-08-16,6.1300,6.3300,6.0000,6.1900,147230
2019-08-15,6.5000,6.5000,6.1300,6.1800,144393
2019-08-14,6.4100,6.7200,6.2400,6.5100,412208
2019-08-13,6.5700,6.7700,6.4500,6.5300,159453
2019-08-12,6.8200,6.9300,6.6500,6.6800,119728
2019-08-09,7.1700,7.1700,6.8000,6.9100,155928
2019-08-08,6.7300,7.4000,6.6800,7.1600,536576
2019-08-07,6.8900,6.9300,6.7000,6.8000,634991
2019-08-06,6.7200,7.0700,6.5700,6.9400,112580
2019-08-05,6.7700,6.8100,6.5500,6.6700,195141
2019-08-02,7.0400,7.1510,6.7000,6.8000,253901
2019-08-01,7.0500,7.4200,6.8700,7.0700,290808
2019-07-31,7.2100,7.4370,7.0200,7.0600,310571
2019-07-30,6.6000,7.3340,6.6000,7.1900,565331
2019-07-29,6.8900,6.9280,6.4200,6.6700,178515
2019-07-26,7.1000,7.1150,6.7700,6.8800,244169
2019-07-25,7.4100,7.4320,6.8800,7.0900,253185
2019-07-24,7.6000,7.7060,7.2500,7.4400,348774
2019-07-23,7.6200,7.6800,7.4400,7.6300,169570
2019-07-22,7.5700,7.7600,7.2100,7.5900,564104
2019-07-19,7.8500,7.9810,7.4100,7.5100,425543
2019-07-18,7.7500,7.9600,7.5200,7.8100,341595
2019-07-17,8.0500,8.1950,7.7100,7.7500,206270
2019-07-16,8.2600,8.3800,8.0100,8.0700,198038
2019-07-15,8.5500,8.7000,8.0500,8.3000,253045
2019-07-12,8.4900,8.6800,8.3600,8.5700,122277
2019-07-11,8.6800,8.8470,8.3100,8.5000,173451
2019-07-10,8.6600,8.8400,8.5100,8.7400,143332
2019-07-09,8.2300,8.6710,7.8600,8.6200,266037
2019-07-08,8.4100,8.4500,8.0000,8.2200,246181
2019-07-05,8.5900,8.6250,8.1000,8.4500,219749
2019-07-03,9.0200,9.1800,8.5300,8.5600,136204
2019-07-02,9.5900,9.5980,8.9100,9.0100,584668
2019-07-01,9.5700,10.2000,9.4800,9.6300,346252
2019-06-28,8.3600,9.5000,8.3000,9.5000,1292863
2019-06-27,8.5900,8.8500,8.2170,8.3600,172853
2019-06-26,8.6000,8.9420,8.4000,8.5600,410471
2019-06-25,8.8500,8.9300,8.4600,8.6900,192516
2019-06-24,9.3500,9.3500,8.7000,8.8100,299835
2019-06-21,8.9500,9.5000,8.8800,9.2700,446365
2019-06-20,9.0300,9.0500,8.5000,9.0000,440118
2019-06-19,8.3800,9.1000,8.2845,9.0000,591610
2019-06-18,8.0000,8.9500,7.3000,8.5100,1565649
2019-06-17,8.7300,9.2100,8.6050,9.1700,181230
2019-06-14,8.7400,8.8200,8.3100,8.7300,95644
2019-06-13,8.4900,8.8200,8.2000,8.7400,178388
2019-06-12,8.0300,8.4600,7.9730,8.4000,157895
2019-06-11,8.3400,8.4600,7.8900,8.0700,128764
2019-06-10,8.3000,8.4700,8.1807,8.2900,128007
2019-06-07,8.2900,8.3700,8.1100,8.2700,111394
2019-06-06,7.9800,8.4100,7.8600,8.2800,123763
2019-06-05,8.4600,8.4600,7.8900,8.0000,161310
2019-06-04,8.0800,8.3600,8.0000,8.3100,108825
2019-06-03,8.1100,8.2400,7.9480,8.0000,219460
2019-05-31,8.1400,8.2500,8.0600,8.1600,101883
2019-05-30,8.5300,8.7500,8.0900,8.2400,143003
2019-05-29,9.1700,9.1700,8.1900,8.4500,234732
2019-05-28,8.5500,9.1700,8.5500,8.9900,149904
2019-05-24,8.1300,8.5800,8.0850,8.4700,134302
2019-05-23,8.5500,8.5900,7.9700,8.0400,371190
2019-05-22,8.6000,8.8900,8.4400,8.7100,152907
2019-05-21,8.7000,8.9100,8.5350,8.6600,100688
2019-05-20,8.9700,9.2200,8.6700,8.7000,158910
2019-05-17,9.0000,9.6000,8.8100,8.9300,213823
2019-05-16,9.4300,9.8200,8.9000,9.0500,186274
2019-05-15,8.9600,9.9800,8.9600,9.3000,349455
2019-05-14,9.5400,9.5900,8.8000,8.9500,509897
2019-05-13,10.2700,10.4140,8.9700,9.3500,632142
2019-05-10,8.9300,10.2400,8.8590,10.2100,230618
2019-05-09,8.7000,9.0400,8.3000,8.8700,160347
2019-05-08,8.5800,8.9850,8.2900,8.7200,100593
2019-05-07,9.3800,9.4900,8.4250,8.5000,292090
2019-05-06,8.5200,9.3500,8.5000,9.2900,285068
2019-05-03,8.2600,8.6200,8.1500,8.5300,92195
2019-05-02,8.0800,8.3900,8.0000,8.2300,123547
2019-05-01,8.2500,8.4860,8.0100,8.1100,89416
2019-04-30,8.1200,8.3500,7.9900,8.2300,142716
2019-04-29,8.5400,8.5400,7.8800,8.1200,167104
2019-04-26,7.9700,8.5350,7.8549,8.4400,142168
2019-04-25,7.7900,7.9600,7.6000,7.9200,125400
2019-04-24,8.0000,8.1700,7.7300,7.8100,109423
2019-04-23,8.2500,8.4700,7.7400,7.9900,132192
2019-04-22,8.0300,8.3400,8.0000,8.2200,197267
2019-04-18,7.8400,8.1000,7.5000,8.0100,131021
2019-04-17,8.0200,8.0200,7.5900,7.8500,84427
2019-04-16,7.6600,8.3900,7.6600,8.0200,110779
2019-04-15,8.0000,8.2300,7.5000,7.5900,179314
2019-04-12,8.2200,8.3900,7.8500,8.0400,78842
2019-04-11,8.0900,8.3600,8.0000,8.1300,64724
2019-04-10,7.9500,8.2000,7.8300,8.0600,229017
2019-04-09,8.4500,9.0500,7.9000,7.9800,136695
2019-04-08,9.0700,9.0700,8.4100,8.4800,95418
2019-04-05,8.8900,9.1800,8.4770,9.0300,198007
2019-04-04,8.7400,9.1150,8.5220,8.9400,111746
2019-04-03,8.2200,9.3100,8.2200,8.4800,272191
2019-04-02,8.0700,8.3500,8.0000,8.1900,71992
2019-04-01,8.1200,8.3200,7.8350,8.0400,120257
2019-03-29,8.1700,8.3500,8.0400,8.1100,123902
2019-03-28,8.1100,8.1600,7.9500,8.1300,105993
2019-03-27,7.9400,8.2150,7.8000,8.1000,122973
2019-03-26,7.7300,8.2200,7.3900,7.9500,312047
2019-03-25,8.0500,8.2450,7.6200,7.6500,176909
2019-03-22,8.1600,8.6180,7.9000,8.0000,243093
2019-03-21,8.8600,8.9030,8.1370,8.1800,212547
2019-03-20,9.0100,9.1200,8.7500,8.8100,208118
2019-03-19,8.7600,9.2015,8.7600,8.8900,160156
2019-03-18,8.4800,9.2100,8.4800,8.6800,285383
2019-03-15,8.6000,9.3600,8.4100,8.4400,493724
2019-03-14,8.7700,8.9700,8.4900,8.5400,254525
2019-03-13,9.1200,9.5000,8.7000,8.7300,261493
2019-03-12,9.1700,9.3000,8.6500,9.0800,258842
2019-03-11,9.2500,9.3900,8.6900,9.1600,203809
2019-03-08,8.9900,9.5760,8.5400,9.1500,328828
2019-03-07,9.9900,9.9900,8.9150,8.9900,361181
2019-03-06,10.2600,10.3050,9.0500,9.0800,225137
2019-03-05,10.3700,10.4600,10.1100,10.2200,105114
2019-03-04,10.1800,10.7200,10.1500,10.3400,127434
2019-03-01,10.0400,10.5100,10.0100,10.1300,53851
2019-02-28,10.0900,10.8400,9.9800,10.0000,124505
2019-02-27,9.7800,10.5000,9.7800,10.0900,109758
2019-02-26,9.9100,10.2500,9.5500,9.7600,223385
2019-02-25,10.2100,10.5450,9.6700,9.9300,190068
2019-02-22,10.9100,11.1113,10.0100,10.1000,187787
2019-02-21,11.3000,11.4179,10.7500,10.7800,155634
2019-02-20,11.7300,11.9100,11.2200,11.2800,90744
2019-02-19,11.2700,12.0300,11.2700,11.7400,157561
2019-02-15,11.2600,11.7000,11.0700,11.2400,111389
2019-02-14,11.4500,11.5500,10.8200,11.2500,132303
2019-02-13,11.3900,11.4800,10.8000,11.4400,203072
2019-02-12,11.4700,12.2900,11.3000,11.4700,110287
2019-02-11,11.5100,11.6470,11.2390,11.3200,76873
2019-02-08,11.3000,11.6600,11.3000,11.4100,75694
2019-02-07,11.5700,11.8250,11.3000,11.3300,78574
2019-02-06,11.4800,11.9000,11.4800,11.6000,87210
2019-02-05,11.5500,11.8900,11.3790,11.4400,68047
2019-02-04,11.5800,11.5800,10.9200,11.5000,99586
2019-02-01,11.4400,11.6900,11.4200,11.5800,89829
2019-01-31,11.4100,11.8420,11.3000,11.4400,87190
2019-01-30,11.5500,11.9700,11.3580,11.4300,231239
2019-01-29,11.4800,11.7500,11.2800,11.4500,87540
2019-01-28,11.5800,11.6000,11.2800,11.3900,129439
2019-01-25,11.9400,12.2900,11.2700,11.5900,159330
2019-01-24,11.8500,12.1600,11.3500,11.7100,209877
2019-01-23,12.2200,12.8000,11.7100,11.7500,231147
2019-01-22,12.2600,12.5900,11.7100,12.1600,385656
2019-01-18,15.1300,15.5100,12.4450,12.4500,527038
2019-01-17,15.9100,16.2000,15.1700,15.2700,476079
2019-01-16,16.0300,16.8700,15.8100,15.9300,163338
2019-01-15,15.6800,16.5400,15.4400,16.4100,103524
2019-01-14,15.6700,16.3700,15.5470,15.6200,123918
2019-01-11,16.0800,16.2300,15.7300,15.8400,122979
2019-01-10,16.2500,16.3500,15.7000,16.0600,124811
2019-01-09,16.2000,16.6060,16.1300,16.1800,204219
2019-01-08,16.0300,16.8550,16.0000,16.2700,220352
2019-01-07,16.2300,16.4600,15.7800,16.0000,282479
2019-01-04,16.0600,16.5900,16.0450,16.2600,295535
2019-01-03,16.5000,16.7000,16.2500,16.3000,218985
2019-01-02,16.0800,16.8200,16.0800,16.6600,293553
2018-12-31,16.8000,17.0700,15.7600,16.2600,206911
2018-12-28,16.6800,17.1600,16.0100,16.7800,383244
2018-12-27,17.2500,17.4600,16.0000,16.7700,224956
2018-12-26,16.0900,17.2500,15.9920,17.2500,305725
2018-12-24,15.3900,16.2850,14.5880,15.9700,292009
2018-12-21,16.0000,16.2900,14.7000,15.4500,3410529
2018-12-20,15.9500,16.4100,15.3300,15.9500,389160
2018-12-19,15.4600,17.4100,15.2800,15.7400,564081
2018-12-18,15.2900,16.0950,15.0100,15.4400,413965
2018-12-17,15.8000,15.8000,15.0200,15.1100,369774
2018-12-14,16.0400,16.6700,15.2600,15.9100,326336
2018-12-13,15.6000,16.7000,15.2800,16.5300,349919
2018-12-12,14.7000,15.9890,14.5690,15.7400,377858
2018-12-11,14.3100,15.0000,14.3100,14.6800,294408
2018-12-10,14.5300,14.8670,13.1500,14.2600,317234
2018-12-07,13.7400,14.8400,13.7400,14.0000,228976
2018-12-06,12.6900,14.0900,12.6000,13.7300,261756
2018-12-04,13.4000,15.0250,13.4000,14.3600,365990
2018-12-03,12.8600,14.1800,12.8600,13.6700,400042
2018-11-30,12.0000,13.7000,12.0000,12.8600,304797
2018-11-29,11.8700,12.5900,11.8700,12.0900,44812
2018-11-28,12.2800,12.5850,11.6100,11.9100,112718
2018-11-27,12.0600,12.4850,11.8400,12.2700,75794
2018-11-26,12.5000,12.5000,11.7400,12.1900,66878
2018-11-23,12.3800,12.5000,12.2900,12.4700,20486
2018-11-21,12.0900,12.5650,12.0000,12.4800,107903
2018-11-20,12.0600,12.2700,11.6000,12.0700,80956
2018-11-19,12.2100,12.5500,11.9300,12.1200,135430
2018-11-16,12.2500,12.6700,11.9100,12.2800,157478
2018-11-15,11.9500,12.9500,11.9200,12.3500,111441
2018-11-14,12.5800,12.7000,11.5300,12.0400,84276
2018-11-13,12.1900,12.8500,11.8300,12.5500,108772
2018-11-12,11.5800,12.2400,11.5800,12.0000,83045
2018-11-09,12.0400,12.4000,11.6000,11.9200,70368
2018-11-08,11.5300,12.7400,11.3700,12.0500,121917
2018-11-07,11.8100,12.0800,11.6050,11.9600,42417
2018-11-06,12.9000,13.4360,11.5700,11.7900,132298
2018-11-05,11.7100,13.0500,11.5660,12.8900,205024
2018-11-02,11.2700,11.9000,11.1800,11.7100,105468
2018-11-01,11.1600,11.4500,11.0100,11.2700,112365
2018-10-31,11.1700,11.5060,10.7600,11.1400,96978
2018-10-30,10.9700,11.0900,10.6400,10.9800,69756
2018-10-29,11.5600,11.5800,10.7800,10.9700,61874
2018-10-26,11.2700,11.4700,10.9100,11.3600,59707
2018-10-25,10.8200,11.7400,10.7600,11.3800,73950
2018-10-24,10.9200,11.6850,10.7100,10.7600,113372
2018-10-23,10.6600,11.4500,10.3300,10.8800,77172
2018-10-22,11.5700,11.9900,10.5500,10.9500,112009
2018-10-19,11.8600,12.1000,11.1200,11.3000,149347
2018-10-18,12.3300,12.4240,11.6100,11.7300,110189
2018-10-17,12.5400,12.6000,12.0400,12.3300,82573
2018-10-16,12.4500,13.4400,12.2400,12.6100,176283
2018-10-15,12.7500,13.4560,12.0600,12.1600,78752
2018-10-12,11.7400,13.4030,11.7000,12.5600,152102
2018-10-11,12.6900,12.7000,11.4100,11.5100,156474
2018-10-10,13.8400,13.8900,12.5900,12.6900,181731
2018-10-09,13.4900,14.0300,13.3800,13.9200,68469
2018-10-08,13.8700,14.2620,13.5000,13.6100,119760
2018-10-05,14.3800,14.4450,13.8100,13.8700,138807
2018-10-04,14.9900,14.9900,14.3500,14.4000,136962
2018-10-03,15.3700,15.4300,14.8800,15.0400,88139
2018-10-02,15.9900,16.0310,14.9150,15.3500,162067
2018-10-01,16.2500,16.6910,15.6000,15.9900,158400
2018-09-28,16.6700,16.7200,16.0000,16.2900,93444
2018-09-27,17.6000,18.0000,16.4000,16.7800,104785
2018-09-26,16.3200,18.2500,16.1000,17.5200,399579
2018-09-25,15.9700,16.4900,15.9000,15.9400,265761
2018-09-24,16.0800,16.9000,15.6600,15.9700,167587
2018-09-21,17.1100,17.8740,15.9000,16.0000,374794
2018-09-20,18.1200,18.3200,16.6000,16.8200,321585
2018-09-19,20.2900,20.3300,17.0000,17.0500,572022
2018-09-18,23.0000,23.4990,19.5100,19.7100,553505
2018-09-17,22.6600,24.5600,22.5200,22.9700,465099
2018-09-14,20.8200,23.1900,20.7500,22.0000,815186
2018-09-13,18.4100,23.2000,18.2500,20.0000,1207958
2018-09-12,18.1900,18.6000,18.0500,18.3800,51723
2018-09-11,18.7400,18.8044,18.0000,18.1900,96167
2018-09-10,18.5000,19.0000,17.8000,18.5700,97542
2018-09-07,18.2200,18.6000,18.1650,18.3900,105065
2018-09-06,18.2500,18.3450,17.4200,18.0200,44583
2018-09-05,17.8500,18.4110,17.3400,17.7500,47126
2018-09-04,19.5000,20.0000,17.5100,17.8100,102246
2018-08-31,18.7400,20.0000,18.2200,19.0600,96062
2018-08-30,17.6600,18.9600,17.6600,18.5000,85889
2018-08-29,17.7600,19.8500,17.3500,17.5000,217200
2018-08-28,17.0500,17.6400,16.9130,17.5800,26688
2018-08-27,18.2100,18.6330,16.9900,17.0200,58322
2018-08-24,16.9000,17.9900,16.7450,17.9000,66416
2018-08-23,16.5700,16.8400,16.5000,16.8100,24761
2018-08-22,16.5600,16.6600,16.2500,16.4200,43661
2018-08-21,16.2900,16.6590,16.2900,16.4600,118245
2018-08-20,15.9500,16.4700,15.9500,16.2900,53115
2018-08-17,15.7600,15.8900,15.5700,15.8400,45153
2018-08-16,15.7700,15.8790,15.5600,15.7400,55335
2018-08-15,15.4600,15.7800,15.3500,15.7000,64902
2018-08-14,16.1200,16.3404,15.2000,15.5500,70358
2018-08-13,16.0000,16.1100,15.8400,16.0300,69351
2018-08-10,15.8000,16.5000,15.6500,15.7500,94975
2018-08-09,15.8000,15.8000,15.1510,15.7600,10166
2018-08-08,15.7400,15.8900,15.5010,15.7400,15753
2018-08-07,15.7000,15.9700,15.6050,15.7000,12830
2018-08-06,15.3400,15.8050,15.1830,15.6000,23488
2018-08-03,15.2700,15.4900,15.1500,15.2800,15174
2018-08-02,15.2200,15.8200,15.1500,15.3600,68554
2018-08-01,14.9800,15.3400,14.8500,15.2500,167883
2018-07-31,14.7900,15.2500,14.7900,15.0300,83849
2018-07-30,14.4400,14.9860,14.3600,14.6900,57024
2018-07-27,15.0300,15.0650,14.3000,14.3400,39550
2018-07-26,14.9000,15.2280,14.7650,15.0200,69571
2018-07-25,15.0000,15.0300,14.6800,14.7200,131307
2018-07-24,14.9800,15.0400,14.7400,14.9500,134949
2018-07-23,14.7300,14.9600,14.7300,14.9400,30952
2018-07-20,15.0600,15.1000,14.7150,14.7200,34033
2018-07-19,15.0000,15.2100,14.9000,15.1200,28695
2018-07-18,15.1200,15.3000,14.9000,15.0100,32839
2018-07-17,15.0600,15.3000,14.9100,15.1100,24493
2018-07-16,15.1500,15.4000,14.8400,15.1200,50246
2018-07-13,15.6900,15.6900,14.7950,15.1500,96390
2018-07-12,15.5600,15.8600,15.5000,15.5900,53279
2018-07-11,15.5500,15.7600,15.2500,15.5000,85002
2018-07-10,15.9900,15.9900,15.3300,15.6800,34001
2018-07-09,15.3200,15.9500,15.2840,15.5400,86974
2018-07-06,15.2200,16.1780,15.0500,15.2000,124789
2018-07-05,14.9800,15.2540,14.7650,15.1800,101347
2018-07-03,14.8900,14.8900,14.5400,14.8600,83822
2018-07-02,14.9500,14.9500,14.6400,14.8400,49684
2018-06-29,14.9400,15.0800,14.6050,15.0600,44069
2018-06-28,14.6300,14.9600,14.0600,14.8900,107966
2018-06-27,14.9000,14.9000,14.2600,14.5800,73527
2018-06-26,14.4000,15.0100,14.1900,14.7900,93036
2018-06-25,14.9200,14.9200,14.0300,14.3400,202291
2018-06-22,14.9100,15.0900,14.6090,15.0600,579956
2018-06-21,15.3800,15.3800,14.0500,14.7900,163098
2018-06-20,15.0600,15.5600,14.9300,15.0500,107234
2018-06-19,14.8900,15.1800,14.5650,14.9500,161894
2018-06-18,14.4700,15.2400,14.4700,15.0000,107955
2018-06-15,14.9100,15.0000,14.1600,14.5200,291819
2018-06-14,15.0000,15.1900,14.5100,15.0000,140646
2018-06-13,14.8700,15.3100,14.5100,14.7600,119026
2018-06-12,15.1200,15.7700,14.5800,14.8300,163346
2018-06-11,14.2800,15.2700,14.0350,15.0200,108820
2018-06-08,13.3000,14.3900,13.3000,14.1800,73424
2018-06-07,13.5000,14.8100,13.5000,13.5000,101410
2018-06-06,14.1000,14.6800,13.3000,13.4000,147494
2018-06-05,14.0100,14.6900,13.1600,14.0000,99794
2018-06-04,15.3000,15.3020,13.6100,13.8500,157455
2018-06-01,15.0000,15.9520,14.6760,15.1100,284568
2018-05-31,14.2500,15.4200,13.9100,14.9000,336903
2018-05-30,13.8000,14.2000,13.2407,14.0000,287864
2018-05-29,13.2000,13.9000,13.0000,13.0200,236847
2018-05-25,12.7600,13.3000,12.7500,13.0000,154348
2018-05-24,12.7500,13.3800,12.7500,12.7600,36082
2018-05-23,13.1000,13.6390,12.7500,12.7600,61786
2018-05-22,13.4600,14.4000,13.1200,13.1200,50667
2018-05-21,13.5000,15.4790,13.3500,13.3500,44435
2018-05-18,14.0000,14.0100,13.3300,13.3400,42716
2018-05-17,14.6200,15.2000,13.7800,13.9800,94601
2018-05-16,14.8500,14.8550,14.5000,14.5100,25639
2018-05-15,14.8900,14.9790,14.7500,14.9400,42356
2018-05-14,15.5000,15.5700,14.7500,14.7900,70075
2018-05-11,16.0000,16.1400,15.4300,15.4900,92404
2018-05-10,16.0000,16.3460,15.8120,15.9400,32294
2018-05-09,16.9200,16.9200,15.7500,16.0800,264874
2018-05-08,16.2800,16.9400,15.7820,16.9400,86262
2018-05-07,16.8500,16.9900,16.0300,16.3400,183607
2018-05-04,16.7500,16.9800,16.5100,16.7500,151996
2018-05-03,19.0000,20.4800,16.2100,16.6500,837920
